"TaxaID","rab.all","rab.win.control","rab.win.Dor-out","diff.btw","diff.win","effect","overlap","we.ep","we.eBH","wi.ep","wi.eBH","method","adjusted_p_value","score","significant","Kingdom","Phylum","Class","Order","Family","Genus","Species"
"ASV1",7.49209524658922,7.12214690844472,7.92323677083439,0.908982871521062,0.559561117477565,1.45533290913894,0.0468878823465655,0.0755513942679723,0.24301753040539,0.0385416666666667,0.100280055476786,"ALDEx2",0.24301753040539,1.45533290913894,TRUE,"Bacteria","Proteobacteria","Alphaproteobacteria","SAR11 clade","Clade I","Clade Ia",NA
"ASV2",5.92623981702915,6.55229596809026,0.0722966101726374,-6.19843995456927,4.45638663287325,-1.8271235166096,0.000547999460257121,0.257661309999307,0.902849725065423,0.133333333333333,0.524178312298614,"ALDEx2",0.902849725065423,-1.8271235166096,FALSE,"Bacteria","Cyanobacteria","Cyanobacteriia","Synechococcales","Cyanobiaceae","Prochlorococcus MIT9313","marinus"
"ASV3",6.41372181104761,6.08568122922753,7.66428941836694,1.54248706217253,0.577791970969474,2.69462617977098,0.000547999460257121,0.0123521576402083,0.0639354304545913,0,0,"ALDEx2",0.0639354304545913,2.69462617977098,TRUE,"Bacteria","Proteobacteria","Alphaproteobacteria","SAR11 clade","Clade I","Clade Ia",NA
"ASV4",6.78718470697884,7.41479834841895,6.04568061179539,-1.31485433016581,0.516773809025346,-1.83211531492214,0.00782930484115282,0.0290381164829205,0.397359437621638,0.144791666666667,0.554564632475815,"ALDEx2",0.397359437621638,-1.83211531492214,FALSE,"Bacteria","Cyanobacteria","Cyanobacteriia","Synechococcales","Cyanobiaceae","Synechococcus CC9902",NA
"ASV5",6.17988928252317,6.00389854394547,7.26065947965713,1.32280327708904,0.554947795043454,2.51846187528911,0.000547999460257121,0.049229124805904,0.166133813213784,0,0,"ALDEx2",0.166133813213784,2.51846187528911,TRUE,"Bacteria","Proteobacteria","Alphaproteobacteria","SAR11 clade","Clade II",NA,NA
"ASV6",6.52588329577259,6.30991826830778,7.31095341679664,1.0297683292463,0.479710656622666,2.15296281676562,0.000547999460257121,0.0574832232717158,0.187650106028104,0.00104166666666667,0.00271739130434783,"ALDEx2",0.187650106028104,2.15296281676562,TRUE,"Bacteria","Proteobacteria","Alphaproteobacteria","SAR11 clade","Clade I","Clade Ia",NA
"ASV9",6.17844445988757,3.05416226409194,6.63489826740046,1.0072796364222,6.81482867000065,0.757862900105513,0.0620249244046617,0.179649850719598,0.486531579278822,0.0770833333333332,0.195103457260521,"ALDEx2",0.486531579278822,0.757862900105513,FALSE,"Bacteria","Proteobacteria","Gammaproteobacteria","Enterobacterales","Alteromonadaceae","Glaciecola",NA
"ASV13",5.3813819604079,5.68645826388154,4.45040159855459,-1.25115202660752,0.493520705211465,-2.43499815274674,0.000547999460257121,0.0863604206755048,0.548399445638528,0.136458333333333,0.53203972272856,"ALDEx2",0.548399445638528,-2.43499815274674,FALSE,"Bacteria","Proteobacteria","Alphaproteobacteria","SAR11 clade","Clade I","Clade Ib",NA
"ASV20",4.95493171499711,4.7517599253266,7.54299010510276,2.79101700054468,0.408311884601483,6.79892913337757,0.000547999460257121,0.00622294730279564,0.0338144258853141,0,0,"ALDEx2",0.0338144258853141,6.79892913337757,TRUE,"Bacteria","Proteobacteria","Alphaproteobacteria","SAR11 clade","Clade I","Clade Ia",NA
"ASV21",4.34460590362808,4.16011702466842,4.66996272429279,0.501292657912711,0.37620221956759,1.28840613418392,0.0852779721736082,0.12681818444751,0.349617102089142,0.065625,0.161109416684685,"ALDEx2",0.349617102089142,1.28840613418392,FALSE,"Bacteria","Proteobacteria","Alphaproteobacteria","Rhodospirillales","AEGEAN-169 marine group",NA,NA
"ASV24",-3.88651130550568,1.69042542843501,-4.44553212966087,-3.65715831833167,10.1897203891142,-0.474299032994094,0.398438038791622,0.418430043358511,0.938015553716899,0.728124999999999,0.967191280386932,"ALDEx2",0.938015553716899,-0.474299032994094,FALSE,"Bacteria","Proteobacteria","Alphaproteobacteria","Rhodobacterales","Rhodobacteraceae","Pseudophaeobacter",NA
"ASV27",-1.80378658724316,3.11526990976057,-4.10049222087493,-8.50468899500269,8.12583146557908,-0.938824135728898,0.164065614388277,0.207824395731611,0.810476697723905,0.396354166666666,0.873530184244357,"ALDEx2",0.810476697723905,-0.938824135728898,FALSE,"Bacteria","Proteobacteria","Gammaproteobacteria","Pseudomonadales","Saccharospirillaceae","Oceaniserpentilla",NA
"ASV30",4.73235631183776,4.59817466102722,5.15550856046129,0.601784760063632,0.476627185433422,1.17615741568402,0.0620249244046617,0.117480589634135,0.340252669864931,0.0322916666666667,0.082857544872794,"ALDEx2",0.340252669864931,1.17615741568402,FALSE,"Bacteria","Proteobacteria","Alphaproteobacteria","SAR11 clade","Clade II",NA,NA
"ASV34",4.24542590032922,4.31034884765685,4.15866566408353,-0.119980893108696,0.403586754042983,-0.30099963925301,0.328125991312833,0.645165115376173,0.966315328926953,0.723437499999999,0.94960730686601,"ALDEx2",0.966315328926953,-0.30099963925301,FALSE,"Bacteria","Proteobacteria","Alphaproteobacteria","SAR11 clade","Clade IV",NA,NA
"ASV35",-0.734562890488139,-1.63316848900074,5.82409377090923,7.6510469794624,1.7763329953893,4.97010600989469,0.000547999460257121,0.0143967649003968,0.0654090157706431,0,0,"ALDEx2",0.0654090157706431,4.97010600989469,TRUE,"Bacteria","Bacteroidota","Bacteroidia","Flavobacteriales","Crocinitomicaceae","Fluviicola",NA
"ASV37",3.8227422689796,4.0486737719699,3.52897048666881,-0.512120848978333,0.619801746959369,-0.62277314063721,0.234376882168507,0.49561145010169,0.95632752601123,0.573437499999999,0.991494986977632,"ALDEx2",0.95632752601123,-0.62277314063721,FALSE,"Bacteria","Cyanobacteria","Cyanobacteriia","Synechococcales","Cyanobiaceae","Synechococcus CC9902",NA
"ASV39",3.65818368726357,3.49457012011087,4.31126422544202,0.832591726241191,0.405732702916352,1.87122369715269,0.0155432426385351,0.109432130280364,0.308148342330244,0.0104166666666667,0.0269561521326467,"ALDEx2",0.308148342330244,1.87122369715269,FALSE,"Bacteria","Actinobacteriota","Acidimicrobiia","Actinomarinales","Actinomarinaceae","Candidatus Actinomarina",NA
"ASV40",4.40093378968282,4.3630840608653,4.43741396076427,0.122220020984673,0.412196085286609,0.264604908578416,0.364341818575481,0.562512664263589,0.833942146629614,0.544270833333333,0.787847232281817,"ALDEx2",0.833942146629614,0.264604908578416,FALSE,"Bacteria","Proteobacteria","Alphaproteobacteria","SAR11 clade","Clade I","Clade Ib",NA
"ASV42",-1.52051567906171,0.392449213751284,-4.4947079422965,-4.30298784325916,4.52443954415371,-0.788833695338287,0.162793794907465,0.325089376145691,0.869523173815894,0.36875,0.859263510539664,"ALDEx2",0.869523173815894,-0.788833695338287,FALSE,"Bacteria","Proteobacteria","Gammaproteobacteria","Pseudomonadales","Marinomonadaceae","Marinomonas",NA
"ASV45",4.12850209056156,4.1801218098778,4.02809905592815,-0.142513069086451,0.448170307042024,-0.259501621591635,0.390625584253894,0.71707697068821,0.977461357562306,0.769270833333333,0.970495014245014,"ALDEx2",0.977461357562306,-0.259501621591635,FALSE,"Bacteria","Proteobacteria","Alphaproteobacteria","SAR11 clade","Clade I","Clade Ib",NA
"ASV47",3.80252881687392,3.69575474950296,3.93206075936953,0.253464916106742,0.488572487954059,0.478539920538474,0.257814109363974,0.401717734772573,0.712294623166631,0.381770833333333,0.614597702261119,"ALDEx2",0.712294623166631,0.478539920538474,FALSE,"Bacteria","Proteobacteria","Alphaproteobacteria","SAR11 clade","Clade I","Clade Ib",NA
"ASV49",0.694899884156761,2.66339666704019,-4.02616310213151,-7.09200112297675,3.70113253336562,-2.00752367452753,0.000547999460257121,0.075206534469689,0.512355864885249,0.134375,0.527313763803631,"ALDEx2",0.512355864885249,-2.00752367452753,FALSE,"Bacteria","Proteobacteria","Gammaproteobacteria","Enterobacterales","Colwelliaceae","Colwellia",NA
"ASV50",-3.77589146484346,1.60376356108914,-4.62060496351553,-6.7362822819727,8.74714811100963,-0.696669641356281,0.289063805130234,0.387682298367911,0.927723392709693,0.703645833333333,0.95636675920306,"ALDEx2",0.927723392709693,-0.696669641356281,FALSE,"Bacteria","Proteobacteria","Alphaproteobacteria","Rhodobacterales","Rhodobacteraceae","Pseudophaeobacter",NA
"ASV51",4.15499622836526,3.90878752268416,4.86967206926802,1.03434260529621,0.536842871469003,1.91524961796368,0.000547999460257121,0.034551249237942,0.133333497218114,0,0,"ALDEx2",0.133333497218114,1.91524961796368,TRUE,"Bacteria","Proteobacteria","Alphaproteobacteria","SAR11 clade","Clade I","Clade Ib",NA
"ASV53",-1.30750703409337,2.00764131027646,-4.549776067344,-5.85994686326915,6.09375161435908,-0.867751903321152,0.171877931106058,0.230847865097349,0.818983596690624,0.380208333333333,0.874198059658476,"ALDEx2",0.818983596690624,-0.867751903321152,FALSE,"Bacteria","Proteobacteria","Gammaproteobacteria","Enterobacterales","Colwelliaceae","Colwellia",NA
"ASV56",2.7909777488738,3.12858876438437,-0.837128369023968,-4.06037159845231,3.09369939797389,-1.74567585748059,0.000547999460257121,0.258169587695225,0.872928876409895,0.133333333333333,0.524178312298614,"ALDEx2",0.872928876409895,-1.74567585748059,FALSE,"Archaea","Crenarchaeota","Nitrososphaeria","Nitrosopumilales","Nitrosopumilaceae","Candidatus Nitrosopelagicus",NA
"ASV60",2.82329223934464,2.89598145145844,2.79810384678314,0.0216648036288318,0.664349581655013,0.030446456594966,0.488372151282746,0.791596511579537,0.970303927641979,0.763020833333332,0.959628077720183,"ALDEx2",0.970303927641979,0.030446456594966,FALSE,"Bacteria","Marinimicrobia (SAR406 clade)",NA,NA,NA,NA,NA
"ASV64",1.58222485518265,1.30184038336012,3.45948758274947,2.26087654217009,0.830249897376971,2.93056274946453,0.00782930484115282,0.0330899234935342,0.121448173842582,0.00104166666666667,0.00264084507042253,"ALDEx2",0.121448173842582,2.93056274946453,TRUE,"Bacteria","Planctomycetota","Planctomycetes","Pirellulales","Pirellulaceae",NA,NA
"ASV65",1.35037015044719,0.828884976048048,5.92410422152591,5.04753714030814,0.861675908221144,5.71734012600087,0.000547999460257121,0.0090975496611603,0.0490762597957664,0,0,"ALDEx2",0.0490762597957664,5.71734012600087,TRUE,"Bacteria","Proteobacteria","Alphaproteobacteria","Rhodobacterales","Rhodobacteraceae","Ascidiaceihabitans",NA
"ASV67",2.6695477606692,0.190992907550517,2.83994343336788,5.30417413090728,6.4670062929934,0.613045828832068,0.379845599803593,0.227862399641715,0.587896595976419,0.489583333333332,0.871249622086618,"ALDEx2",0.587896595976419,0.613045828832068,FALSE,"Bacteria","Proteobacteria","Gammaproteobacteria","Enterobacterales","Alteromonadaceae","Glaciecola",NA
"ASV69",1.28521505775535,0.926221878641359,5.20909651805611,4.29344235687863,0.48333743114719,8.69410714568408,0.000547999460257121,0.00270664625978424,0.0215065696517746,0,0,"ALDEx2",0.0215065696517746,8.69410714568408,TRUE,"Bacteria","Proteobacteria","Alphaproteobacteria","Rhodospirillales","AEGEAN-169 marine group",NA,NA
"ASV71",2.55244646519972,1.7957007227363,3.46381550374398,1.73696445577376,0.753593876032014,1.76916655002646,0.000547999460257121,0.0411853413600728,0.152868231891886,0.00104166666666667,0.00260416666666667,"ALDEx2",0.152868231891886,1.76916655002646,TRUE,"Bacteria","Proteobacteria","Gammaproteobacteria","Pseudomonadales","SAR86 clade",NA,NA
"ASV72",3.67269887558124,3.72173135550768,1.64197771888995,-1.97434930812812,5.47612739889575,-0.509375064798904,0.310078630782153,0.512778864999194,1,0.661458333333333,0.96579987477734,"ALDEx2",1,-0.509375064798904,FALSE,"Bacteria","Proteobacteria","Alphaproteobacteria","Puniceispirillales","SAR116 clade",NA,NA
"ASV73",2.79336406622237,2.50256914764791,4.16200713195019,1.67403989107566,0.540957631464921,3.13706048807969,0.000547999460257121,0.0127142043549509,0.0621539536728758,0,0,"ALDEx2",0.0621539536728758,3.13706048807969,TRUE,"Bacteria","Bacteroidota","Bacteroidia","Flavobacteriales","Flavobacteriaceae","NS5 marine group",NA
"ASV74",2.68190218179736,3.00435200308904,-4.06208375551568,-7.08743033683441,2.4839317572345,-2.99660029830038,0.000547999460257121,0.111466639446305,0.608043983719515,0.133333333333333,0.524178312298614,"ALDEx2",0.608043983719515,-2.99660029830038,FALSE,"Bacteria","Proteobacteria","Alphaproteobacteria","SAR11 clade","Clade I","Clade Ib",NA
"ASV76",0.463802683569976,0.992527735886267,-4.51614105566154,-6.01085237860267,3.17060362154397,-1.69926863248372,0.000547999460257121,0.123856399441148,0.581235262285324,0.135416666666666,0.529627474029575,"ALDEx2",0.581235262285324,-1.69926863248372,FALSE,"Bacteria","Proteobacteria","Gammaproteobacteria","Enterobacterales","Colwelliaceae","Colwellia",NA
"ASV81",-3.5394024284798,0.523794657242329,-4.47199083042877,-5.66189515019095,6.70614474744396,-0.577177353683834,0.325582389769386,0.441302480866558,0.92548981035932,0.702083333333333,0.952104681198127,"ALDEx2",0.92548981035932,-0.577177353683834,FALSE,"Bacteria","Proteobacteria","Alphaproteobacteria","Rhodobacterales","Rhodobacteraceae","Pseudophaeobacter",NA
"ASV82",1.88926069709826,1.65085032359964,2.42560359020012,0.828821026952685,0.614942947861292,1.24488242547057,0.07752677328281,0.153628675609396,0.402175830173453,0.0874999999999999,0.206394279920829,"ALDEx2",0.402175830173453,1.24488242547057,FALSE,"Bacteria","Dadabacteria","Dadabacteriia","Dadabacteriales",NA,NA,NA
"ASV85",2.1161299665326,1.85982728242577,2.1161299665326,0.340784932696902,1.54230910084841,0.210649860888331,0.46875015956559,0.686801427685021,0.978622600410105,0.754166666666665,0.991129827067327,"ALDEx2",0.978622600410105,0.210649860888331,FALSE,"Bacteria","Proteobacteria","Gammaproteobacteria","Pseudomonadales","SAR86 clade",NA,NA
"ASV92",1.0908589220507,1.36154272826905,-4.45516918460826,-5.9822256107718,2.41027050057463,-2.38461905186265,0.000547999460257121,0.129920493272214,0.623080762778213,0.133333333333333,0.524178312298614,"ALDEx2",0.623080762778213,-2.38461905186265,FALSE,"Bacteria","Verrucomicrobiota","Verrucomicrobiae","Opitutales","Puniceicoccaceae","Coraliomargarita",NA
"ASV95",1.55503131671124,1.96746406829881,-4.09968151394749,-5.95480502242411,2.32958438804803,-2.56672811406419,0.000547999460257121,0.118858903898805,0.591875283246403,0.133333333333333,0.524178312298614,"ALDEx2",0.591875283246403,-2.56672811406419,FALSE,"Bacteria","Proteobacteria","Alphaproteobacteria","SAR11 clade","Clade I","Clade Ib",NA
"ASV104",2.55142009284402,2.15118936475089,3.8632845818384,1.74072549399002,0.581396107115107,2.91573347101921,0.000547999460257121,0.0161396420901972,0.0738139332945325,0,0,"ALDEx2",0.0738139332945325,2.91573347101921,TRUE,"Bacteria","Bacteroidota","Bacteroidia","Flavobacteriales","Flavobacteriaceae","NS2b marine group",NA
"ASV108",3.34144737582437,3.18194285243805,4.1351073289875,0.952927000457987,0.43295026646986,2.21513374412989,0.00782930484115282,0.034003922182955,0.125016088534601,0.00416666666666667,0.0109320521782657,"ALDEx2",0.125016088534601,2.21513374412989,TRUE,"Bacteria","Proteobacteria","Alphaproteobacteria","SAR11 clade","Clade I","Clade Ia",NA
"ASV111",3.20187813730007,3.42781423928793,3.10900323738275,-0.296681302086859,0.621157265352218,-0.379150207978245,0.382813130675644,0.604800088465215,0.976079659404059,0.774999999999999,1,"ALDEx2",0.976079659404059,-0.379150207978245,FALSE,"Bacteria","Proteobacteria","Gammaproteobacteria","Pseudomonadales","SAR86 clade",NA,NA
"ASV113",3.18480520849963,3.18073491465781,3.20536613050397,0.016536487881524,0.485970343054033,0.0387167751380859,0.472868353320776,0.715335317604454,0.919686225436301,0.659374999999999,0.866356608026311,"ALDEx2",0.919686225436301,0.0387167751380859,FALSE,"Bacteria","Cyanobacteria","Cyanobacteriia","Synechococcales","Cyanobiaceae","Cyanobium PCC-6307",NA
"ASV115",2.43789681613032,2.25703676401581,5.16337551275295,2.91365711711764,0.51825841115432,6.02203428809521,0.000547999460257121,0.00338709673349409,0.0282460592711964,0,0,"ALDEx2",0.0282460592711964,6.02203428809521,TRUE,"Bacteria","Actinobacteriota","Acidimicrobiia","Actinomarinales","Actinomarinaceae","Candidatus Actinomarina",NA
"ASV116",-0.843186828772501,1.80837422251688,-4.09853705328229,-5.873740730186,4.75422281306842,-1.00530011612055,0.170545551162404,0.265749061542618,0.810968888696576,0.3875,0.881970422743999,"ALDEx2",0.810968888696576,-1.00530011612055,FALSE,"Bacteria","Proteobacteria","Alphaproteobacteria","Rhodobacterales","Rhodobacteraceae","Sedimentitalea",NA
"ASV120",-1.43178081490225,-2.19530711342967,4.17146273391874,6.52596872177899,1.60953352498936,4.04779390503855,0.000547999460257121,0.0155852454731041,0.0680334893063583,0,0,"ALDEx2",0.0680334893063583,4.04779390503855,TRUE,"Bacteria","Planctomycetota","Planctomycetes","Pirellulales","Pirellulaceae","Rubripirellula",NA
"ASV125",-3.68266235318253,0.34407300342092,-4.41227124573543,-4.75881865748633,7.4820839764997,-0.509072919262515,0.312501109694578,0.495650928070307,0.943214250851512,0.725,0.95468473478675,"ALDEx2",0.943214250851512,-0.509072919262515,FALSE,"Bacteria","Proteobacteria","Gammaproteobacteria","Pseudomonadales","SAR86 clade",NA,NA
"ASV130",2.56921051947571,2.23858345277069,3.84702426437972,1.56168370640733,0.46987076444198,3.20380378878455,0.000547999460257121,0.0217101592331319,0.0854740648033303,0,0,"ALDEx2",0.0854740648033303,3.20380378878455,TRUE,"Bacteria","Proteobacteria","Alphaproteobacteria","SAR11 clade","Clade I","Clade Ia",NA
"ASV131",2.51145254005771,2.96871181312835,-4.7884873191594,-7.79182325742714,2.40229749062377,-3.07453718341278,0.000547999460257121,0.0937981121560313,0.535843529484246,0.133333333333333,0.524178312298614,"ALDEx2",0.535843529484246,-3.07453718341278,FALSE,"Bacteria","Cyanobacteria","Cyanobacteriia","Synechococcales","Cyanobiaceae","Synechococcus CC9902",NA
"ASV133",3.11796062234062,2.88743295474591,3.92679495205943,1.08588751747227,0.571682692877156,1.93147001749929,0.0155432426385351,0.0671913050836427,0.209701166780731,0.0104166666666667,0.027053281909896,"ALDEx2",0.209701166780731,1.93147001749929,TRUE,"Bacteria","Proteobacteria","Alphaproteobacteria","SAR11 clade","Clade II",NA,NA
"ASV141",3.67299811519902,4.13255437589023,1.95673044031959,-2.11505524720928,0.683668354042802,-2.9745265985736,0.000547999460257121,0.0378822061293785,0.336368436250983,0.133333333333333,0.524178312298614,"ALDEx2",0.336368436250983,-2.9745265985736,FALSE,"Bacteria","Cyanobacteria","Cyanobacteriia","Synechococcales","Cyanobiaceae","Synechococcus CC9902",NA
"ASV147",2.27280750148249,2.58801263229945,1.00160001173296,-1.6784657212379,0.685591903242081,-2.46069722261397,0.000547999460257121,0.0682692034124923,0.475518155291847,0.134375,0.526861393106695,"ALDEx2",0.475518155291847,-2.46069722261397,FALSE,"Bacteria","Proteobacteria","Alphaproteobacteria","Thalassobaculales","Nisaeaceae","OM75 clade",NA
"ASV154",-4.70580628798736,-6.22121272173312,8.27404734453118,14.6586690109559,2.3782341260067,6.15666316469268,0.000547999460257121,0.00246771270102079,0.0206628186389907,0,0,"ALDEx2",0.0206628186389907,6.15666316469268,TRUE,"Bacteria","Proteobacteria","Alphaproteobacteria","Rhodobacterales","Rhodobacteraceae","HIMB11",NA
"ASV155",1.78694935876976,2.44030072652801,-4.15904746704012,-6.53166585436111,2.62717628543395,-2.75975787308316,0.000547999460257121,0.122296708557526,0.584884705115065,0.133333333333333,0.524178312298614,"ALDEx2",0.584884705115065,-2.75975787308316,FALSE,"Bacteria","Proteobacteria","Alphaproteobacteria","SAR11 clade","Clade I","Clade Ia",NA
"ASV157",2.38061452928754,2.2799447320486,2.5379458033682,0.28519985870884,0.476820429051958,0.57478560849063,0.271319277489628,0.416393933711135,0.684679531612155,0.319270833333333,0.527621378632046,"ALDEx2",0.684679531612155,0.57478560849063,FALSE,"Bacteria","Proteobacteria","Alphaproteobacteria","Rhodospirillales","AEGEAN-169 marine group",NA,NA
"ASV165",-0.55916311287525,-5.10250698087019,4.03266874819202,9.09556322950791,4.54906576893885,1.93735090631314,0.000547999460257121,0.028385771091431,0.11520201735573,0,0,"ALDEx2",0.11520201735573,1.93735090631314,TRUE,"Bacteria","Proteobacteria","Alphaproteobacteria","SAR11 clade","Clade III",NA,NA
"ASV170",0.0334896067245314,1.03226256225141,-4.38102560153031,-4.59462583659237,4.88117957022383,-0.890459318460802,0.162793794907465,0.283492993289149,0.839775450190239,0.361458333333333,0.867027810343125,"ALDEx2",0.839775450190239,-0.890459318460802,FALSE,"Bacteria","Bacteroidota","Bacteroidia","Flavobacteriales","Flavobacteriaceae","NS5 marine group",NA
"ASV171",-4.44785498314262,-6.04761424928502,7.00274872064499,13.1756226397719,2.4105865439265,5.78642768166639,0.000547999460257121,0.00348791581822037,0.0256476554813988,0,0,"ALDEx2",0.0256476554813988,5.78642768166639,TRUE,"Bacteria","Bacteroidota","Bacteroidia","Flavobacteriales","Flavobacteriaceae","NS5 marine group",NA
"ASV173",1.79108170899938,1.53384310649796,1.97977450554647,0.497610198198716,0.818536975745188,0.524162681839646,0.296876237317214,0.455214170983151,0.791612409189038,0.404687499999999,0.734117997510682,"ALDEx2",0.791612409189038,0.524162681839646,FALSE,"Bacteria","Proteobacteria","Gammaproteobacteria","Pseudomonadales","SAR86 clade",NA,NA
"ASV174",1.52539720420605,1.19825898288706,3.63465635256866,2.36476282620473,0.60366215305463,3.75013769735392,0.000547999460257121,0.037765771153864,0.131346298283243,0,0,"ALDEx2",0.131346298283243,3.75013769735392,TRUE,"Bacteria","Bacteroidota","Bacteroidia","Flavobacteriales","Flavobacteriaceae","NS4 marine group",NA
"ASV178",2.3089815101326,2.02770796413124,2.79541100563079,0.79496334019158,0.669842939362606,1.2228531264391,0.0620249244046617,0.138357088346414,0.366647333741876,0.0708333333333333,0.157450212817913,"ALDEx2",0.366647333741876,1.2228531264391,FALSE,"Bacteria","Bacteroidota","Bacteroidia","Flavobacteriales","NS9 marine group",NA,NA
"ASV179",1.265125909923,2.12170448350995,-4.34534987543319,-6.47286311972714,2.37782627977165,-2.55463180117326,0.000547999460257121,0.112909512775135,0.567275390120105,0.133333333333333,0.524178312298614,"ALDEx2",0.567275390120105,-2.55463180117326,FALSE,"Bacteria","Proteobacteria","Gammaproteobacteria","Pseudomonadales","SAR86 clade",NA,NA
"ASV182",2.72779360379826,2.72779360379826,1.33766758007132,-1.77881950847585,5.24986264033266,-0.137946153335817,0.492187539745284,0.635364086621822,1,0.799999999999998,1,"ALDEx2",1,-0.137946153335817,FALSE,"Bacteria","Proteobacteria","Alphaproteobacteria","SAR11 clade","Clade I","Clade Ia",NA
"ASV184",1.55117529534798,2.21807847404677,-4.57565350121641,-6.81794033858625,2.39474688664915,-2.61930294745075,0.000547999460257121,0.100515288922237,0.533026758778723,0.133333333333333,0.524178312298614,"ALDEx2",0.533026758778723,-2.61930294745075,FALSE,"Bacteria","Proteobacteria","Gammaproteobacteria","Pseudomonadales","SAR86 clade",NA,NA
"ASV188",3.14077212991868,2.34935813961933,4.49046360422002,2.36874070545691,1.26150813367578,1.70355073714145,0.00782930484115282,0.0643775773431148,0.213742088107909,0.00416666666666667,0.010875276902857,"ALDEx2",0.213742088107909,1.70355073714145,TRUE,"Bacteria","Proteobacteria","Gammaproteobacteria","Pseudomonadales","Halieaceae","OM60(NOR5) clade",NA
"ASV190",-3.61531313031238,-0.0486582051291418,-4.27068711805186,-3.80246873223313,6.50122436685598,-0.406538720485363,0.372093708611091,0.507725165088264,0.955625832042802,0.723958333333333,0.976294469449334,"ALDEx2",0.955625832042802,-0.406538720485363,FALSE,"Bacteria","Proteobacteria","Gammaproteobacteria","Enterobacterales","Alteromonadaceae","Alteromonas",NA
"ASV191",2.06434670936076,2.25223279445668,1.47808884479287,-0.753868988897092,0.59093875454456,-1.28015772677463,0.07752677328281,0.181378916511306,0.676862268709358,0.2296875,0.633795279911907,"ALDEx2",0.676862268709358,-1.28015772677463,FALSE,"Bacteria","Proteobacteria","Alphaproteobacteria","SAR11 clade","Clade IV",NA,NA
"ASV192",2.0097711240464,1.72675782894481,2.50870776024864,0.74163241723152,0.641468781836895,1.13135324937139,0.131786974150592,0.224597484656543,0.521852038506514,0.141145833333333,0.307271445245211,"ALDEx2",0.521852038506514,1.13135324937139,FALSE,"Bacteria","Bacteroidota","Bacteroidia","Flavobacteriales","Flavobacteriaceae","NS2b marine group",NA
"ASV198",0.500065378329217,1.81297263137532,-4.27514681193566,-5.44222702845224,4.32438352876431,-1.09009615363362,0.178297322477122,0.23542959184698,0.78695716348914,0.375,0.867122518875845,"ALDEx2",0.78695716348914,-1.09009615363362,FALSE,"Bacteria","Proteobacteria","Alphaproteobacteria","SAR11 clade","Clade I","Clade Ia",NA
"ASV202",2.26925981142143,1.98262421138094,3.09386172084338,1.14928238636924,0.863004520132327,1.42199126577127,0.0781324454049968,0.169215863026383,0.449225152895162,0.0625,0.154746597091088,"ALDEx2",0.449225152895162,1.42199126577127,FALSE,"Bacteria","Proteobacteria","Gammaproteobacteria","Ectothiorhodospirales","Ectothiorhodospiraceae",NA,NA
"ASV204",2.0370388614426,1.85229110871925,2.88238194922289,0.866041578101663,0.887035597325049,1.01433650596268,0.1093800979602,0.359390428860499,0.783928352622646,0.160416666666666,0.353108848143975,"ALDEx2",0.783928352622646,1.01433650596268,FALSE,"Bacteria","Proteobacteria","Gammaproteobacteria","Thiotrichales","Thiotrichaceae",NA,NA
"ASV206",-0.367380577046628,-0.773147844250733,4.49194922618106,5.2545237062167,0.595827962853228,8.91487388247259,0.000547999460257121,0.000823087660971519,0.0123972834957928,0,0,"ALDEx2",0.0123972834957928,8.91487388247259,TRUE,"Bacteria","Proteobacteria","Gammaproteobacteria","Pseudomonadales","SAR86 clade",NA,NA
"ASV207",2.31930942005933,1.9692532777495,3.63169184954413,1.69255938191111,0.851736494529841,1.83387509025919,0.000547999460257121,0.182123852892923,0.488901974442728,0,0,"ALDEx2",0.488901974442728,1.83387509025919,FALSE,"Bacteria","Proteobacteria","Alphaproteobacteria","SAR11 clade","Clade II",NA,NA
"ASV211",0.92930251263871,1.36028217644876,-4.29449014897332,-5.54465638955108,2.56534410099841,-2.21218527730519,0.000547999460257121,0.151312967714364,0.650004271994417,0.134375,0.526861393106695,"ALDEx2",0.650004271994417,-2.21218527730519,FALSE,"Bacteria","Bacteroidota","Bacteroidia","Flavobacteriales","Flavobacteriaceae","NS4 marine group",NA
"ASV223",-3.6382292403563,-0.988349739658022,-4.49660851036188,-3.26298214874989,6.15715588054976,-0.445394616284608,0.34375088071336,0.518653727417234,0.938307595560861,0.679166666666666,0.946431728623363,"ALDEx2",0.938307595560861,-0.445394616284608,FALSE,"Bacteria","Proteobacteria","Gammaproteobacteria","Pseudomonadales","Cellvibrionaceae","Aestuariicella",NA
"ASV224",1.93668340099505,2.1562448744468,-4.18403251873301,-6.38947675587824,2.28895847141985,-2.80354029097984,0.000547999460257121,0.115957562276341,0.611962366231202,0.133333333333333,0.524178312298614,"ALDEx2",0.611962366231202,-2.80354029097984,FALSE,"Bacteria","Proteobacteria","Alphaproteobacteria","SAR11 clade","Clade I","Clade Ib",NA
"ASV227",1.9022109308293,1.66955379903145,3.22223885858945,1.45002799609699,0.54743556160127,2.58657115498674,0.00782930484115282,0.0979313906601217,0.281184274587515,0.00104166666666667,0.00271739130434783,"ALDEx2",0.281184274587515,2.58657115498674,FALSE,"Bacteria","Proteobacteria","Alphaproteobacteria","Rickettsiales","S25-593",NA,NA
"ASV234",1.88015215515736,2.19453341260956,-4.18693053581161,-6.37317591968722,2.74990152732432,-2.69318841045012,0.000547999460257121,0.133750719373738,0.629129504267314,0.133333333333333,0.524178312298614,"ALDEx2",0.629129504267314,-2.69318841045012,FALSE,"Bacteria","Cyanobacteria","Cyanobacteriia","Synechococcales","Cyanobiaceae","Cyanobium PCC-6307",NA
"ASV236",2.15802249719281,-0.42518730398702,5.68247982247306,4.22391624294278,5.34168715095969,1.69846178663556,0.000547999460257121,0.0575389816493795,0.197154472479621,0,0,"ALDEx2",0.197154472479621,1.69846178663556,TRUE,"Bacteria","Bacteroidota","Bacteroidia","Flavobacteriales","Flavobacteriaceae","Aurantivirga",NA
"ASV241",1.60036707684213,1.29025970753912,2.56549980919992,1.28066372419841,0.616081358075961,2.08896843243228,0.00782930484115282,0.0381788635255139,0.136583154085943,0.00416666666666667,0.0112376785856812,"ALDEx2",0.136583154085943,2.08896843243228,TRUE,"Bacteria","Marinimicrobia (SAR406 clade)",NA,NA,NA,NA,NA
"ASV242",0.644371372711894,2.34737551519409,-4.33150424048619,-6.52442888168336,3.18619032348951,-2.0577287932513,0.000547999460257121,0.106961514389259,0.564131815937763,0.134375,0.526549586011351,"ALDEx2",0.564131815937763,-2.0577287932513,FALSE,"Bacteria","Proteobacteria","Gammaproteobacteria","Pseudomonadales","SAR86 clade",NA,NA
"ASV243",1.8934168466218,2.16355882844974,-4.2958707386501,-6.44963807314985,2.12523291002405,-2.9493114660149,0.000547999460257121,0.126442308710573,0.643046933281396,0.133333333333333,0.524178312298614,"ALDEx2",0.643046933281396,-2.9493114660149,FALSE,"Bacteria","Bacteroidota","Bacteroidia","Flavobacteriales","Flavobacteriaceae","NS4 marine group",NA
"ASV248",-3.65965171253583,-0.80815532742371,-4.46874147940267,-4.2435701134836,6.06501724452919,-0.504922905336162,0.317830509222098,0.528421733660428,0.950767165508385,0.727083333333333,0.969791591717972,"ALDEx2",0.950767165508385,-0.504922905336162,FALSE,"Bacteria","Proteobacteria","Gammaproteobacteria","Enterobacterales","Alteromonadaceae","Alteromonas","australica"
"ASV249",2.68757037250672,2.57700087411579,3.11746854616755,0.685936423779929,0.726590713724331,0.858956660121841,0.156253315143681,0.309850488133653,0.665199654028216,0.216666666666666,0.445990794328032,"ALDEx2",0.665199654028216,0.858956660121841,FALSE,"Bacteria","Proteobacteria","Alphaproteobacteria","SAR11 clade","Clade I","Clade Ia",NA
"ASV252",0.939568900367231,0.63407295718607,2.3110339940614,1.60612439515692,0.96025434362037,1.54328499821969,0.070320854303801,0.250275719806112,0.609426852683375,0.059375,0.134394975183153,"ALDEx2",0.609426852683375,1.54328499821969,FALSE,"Bacteria","Proteobacteria","Alphaproteobacteria","Defluviicoccales",NA,NA,NA
"ASV256",-3.59063076655651,-0.477823452766296,-4.0519729186786,-3.30618738759644,6.30919630464878,-0.424095109124611,0.335938435121624,0.5510096381354,0.955761811741876,0.725520833333333,0.968443252017092,"ALDEx2",0.955761811741876,-0.424095109124611,FALSE,"Bacteria","Proteobacteria","Alphaproteobacteria","Rhodobacterales","Rhodobacteraceae","Amylibacter",NA
"ASV258",1.13510213710648,1.59876234700199,-4.31474621523543,-5.95319942440964,2.85568396537452,-2.25313201497486,0.000547999460257121,0.138170550783284,0.611605409998462,0.133333333333333,0.524178312298614,"ALDEx2",0.611605409998462,-2.25313201497486,FALSE,"Bacteria","Proteobacteria","Alphaproteobacteria","Parvibaculales","OCS116 clade",NA,NA
"ASV259",1.44540243647156,1.21456823846598,2.72338218791166,1.50455741148415,0.538836460228024,2.72249803661188,0.000547999460257121,0.0376120849277932,0.130390055160107,0,0,"ALDEx2",0.130390055160107,2.72249803661188,TRUE,"Bacteria","Proteobacteria","Alphaproteobacteria","SAR11 clade","Clade I","Clade Ib",NA
"ASV263",2.02925124020935,2.45303514074509,-4.49556142523084,-6.79870027661642,2.45607233215972,-2.72520400392766,0.000547999460257121,0.131242021311011,0.641778793635849,0.133333333333333,0.524178312298614,"ALDEx2",0.641778793635849,-2.72520400392766,FALSE,"Bacteria","Proteobacteria","Alphaproteobacteria","SAR11 clade","Clade I","Clade Ib",NA
"ASV267",1.18015387729672,1.18015387729672,0.855783275658952,-0.775296563099364,4.29497722032546,-0.109090456512078,0.496124050418246,0.672824093250803,1,0.806249999999998,1,"ALDEx2",1,-0.109090456512078,FALSE,"Bacteria","Proteobacteria","Alphaproteobacteria","Rhodospirillales","AEGEAN-169 marine group",NA,NA
"ASV270",1.72573135788109,1.8688046801279,1.29516612384171,-0.413067415074827,0.987761735132598,-0.46010305889143,0.296876237317214,0.583931083137298,0.963851193191926,0.606770833333333,0.964609451587187,"ALDEx2",0.963851193191926,-0.46010305889143,FALSE,"Bacteria","Proteobacteria","Alphaproteobacteria","SAR11 clade","Clade I","Clade Ib",NA
"ASV271",1.14960630209153,1.06953775683609,1.4070188645701,0.394619529014485,0.86587424579518,0.403771770756179,0.304688672248721,0.55565185085912,0.811129013752274,0.443749999999999,0.708318040184278,"ALDEx2",0.811129013752274,0.403771770756179,FALSE,"Bacteria","Dadabacteria","Dadabacteriia","Dadabacteriales",NA,NA,NA
"ASV272",1.19452918273921,1.83996782293681,-4.19152934864375,-5.9298555646964,2.47576726606465,-2.33742724868153,0.000547999460257121,0.114298452794085,0.556710191484638,0.133333333333333,0.524178312298614,"ALDEx2",0.556710191484638,-2.33742724868153,FALSE,"Bacteria","Proteobacteria","Gammaproteobacteria","Pseudomonadales","SAR86 clade",NA,NA
"ASV275",0.712698664523787,0.90720913397413,-0.679511414853386,-1.5472321817419,3.57832923759968,-0.503306254735644,0.195314964938317,0.473167802861916,0.986588859339582,0.488020833333333,0.862713919863677,"ALDEx2",0.986588859339582,-0.503306254735644,FALSE,"Bacteria","Proteobacteria","Gammaproteobacteria","UBA10353 marine group",NA,NA,NA
"ASV277",0.341027803045908,1.39132009720094,-4.36708414807516,-5.28724161681981,5.01491198545762,-1.07563353263181,0.195314964938317,0.295072250792718,0.81955140001954,0.385416666666666,0.879627143208557,"ALDEx2",0.81955140001954,-1.07563353263181,FALSE,"Bacteria","Proteobacteria","Alphaproteobacteria","Rhodospirillales","AEGEAN-169 marine group",NA,NA
"ASV280",1.55373218710201,1.73197719181257,-4.50851143600838,-6.24158749469496,2.7773226536753,-2.35761952447122,0.000547999460257121,0.128361758361359,0.629413283355177,0.133333333333333,0.524178312298614,"ALDEx2",0.629413283355177,-2.35761952447122,FALSE,"Bacteria","Proteobacteria","Alphaproteobacteria","SAR11 clade","Clade I","Clade Ib",NA
"ASV289",-0.721927722400488,-5.56666246649208,3.52264648977489,8.93051214629947,4.08315239497261,1.94318051384828,0.000547999460257121,0.0304346045217975,0.122417771656086,0,0,"ALDEx2",0.122417771656086,1.94318051384828,TRUE,"Bacteria","Proteobacteria","Alphaproteobacteria","Puniceispirillales","SAR116 clade","Candidatus Puniceispirillum",NA
"ASV290",1.47944871359117,1.82943983083831,-4.38869787543323,-6.20283768047467,2.51628255242225,-2.76991722171804,0.000547999460257121,0.127597406900144,0.642391686436888,0.133333333333333,0.524178312298614,"ALDEx2",0.642391686436888,-2.76991722171804,FALSE,"Bacteria","Proteobacteria","Alphaproteobacteria","SAR11 clade","Clade I","Clade Ib",NA
"ASV295",0.99143415907529,0.84037475920023,1.6349464144134,0.739572760004034,0.691990907342775,0.922397228075158,0.147290337182451,0.2876016997654,0.569788097904675,0.16875,0.311768580156894,"ALDEx2",0.569788097904675,0.922397228075158,FALSE,"Bacteria","Proteobacteria","Alphaproteobacteria","Puniceispirillales","SAR116 clade",NA,NA
"ASV305",0.880590181020134,1.21479176199139,-4.2749884912138,-5.73691207646314,2.51080905075442,-2.02765202989887,0.000547999460257121,0.151430935760553,0.656037751319765,0.133333333333333,0.524178312298614,"ALDEx2",0.656037751319765,-2.02765202989887,FALSE,"Bacteria","Bacteroidota","Bacteroidia","Flavobacteriales","NS7 marine group",NA,NA
"ASV306",1.40278609754392,1.40278609754392,1.26911925839033,0.962137676061698,6.80250796352741,0.131335754366432,0.410853174248917,0.88979205127103,0.99999836705159,0.629166666666665,1,"ALDEx2",0.99999836705159,0.131335754366432,FALSE,"Bacteria","Proteobacteria","Alphaproteobacteria","SAR11 clade","Clade I","Clade Ib",NA
"ASV319",-3.73262524713097,0.264126622254017,-4.48082986852263,-4.84184844004651,7.43720511951347,-0.506286783410386,0.296876237317214,0.483585083010868,0.933179530085868,0.698437499999999,0.971271124587426,"ALDEx2",0.933179530085868,-0.506286783410386,FALSE,"Bacteria","Proteobacteria","Gammaproteobacteria","Pseudomonadales","Saccharospirillaceae","Oleispira",NA
"ASV322",1.960123934352,2.14584914497209,-4.48044793690314,-6.68926737058026,2.51036997642308,-2.75195907722123,0.000547999460257121,0.130016591049896,0.648040222229053,0.133333333333333,0.524178312298614,"ALDEx2",0.648040222229053,-2.75195907722123,FALSE,"Bacteria","Proteobacteria","Alphaproteobacteria","Puniceispirillales","SAR116 clade",NA,NA
"ASV324",1.56622759943971,2.14995624590019,-4.63822711575653,-6.53183783606824,2.44395938692379,-2.65253368195097,0.000547999460257121,0.128215984002681,0.637191660977045,0.133333333333333,0.524178312298614,"ALDEx2",0.637191660977045,-2.65253368195097,FALSE,"Bacteria","Proteobacteria","Gammaproteobacteria","Pseudomonadales","SAR86 clade",NA,NA
"ASV337",-4.77604450925712,-6.28288173496288,4.43571360675609,10.7791978601698,2.57067985264293,4.62129027269197,0.000547999460257121,0.0060938736696899,0.0367773278553535,0,0,"ALDEx2",0.0367773278553535,4.62129027269197,TRUE,"Bacteria","Proteobacteria","Gammaproteobacteria","Pseudomonadales","SAR86 clade",NA,NA
"ASV345",1.20728482078819,1.47887800634867,-0.303698419455698,-1.99427482084302,3.27307421322958,-0.653589984703766,0.14844103615476,0.44118787576118,0.992082289335915,0.308854166666666,0.795512430242989,"ALDEx2",0.992082289335915,-0.653589984703766,FALSE,"Bacteria","Proteobacteria","Alphaproteobacteria","Puniceispirillales","SAR116 clade",NA,NA
"ASV346",1.36848693558103,1.79290671118262,-3.92490414738868,-5.76019535222541,2.34553819759764,-2.67594975485837,0.000547999460257121,0.133158845824942,0.617050826410547,0.133333333333333,0.524178312298614,"ALDEx2",0.617050826410547,-2.67594975485837,FALSE,"Archaea","Crenarchaeota","Nitrososphaeria","Nitrosopumilales","Nitrosopumilaceae","Candidatus Nitrosopumilus",NA
"ASV347",-3.57623700193207,-1.1990926930401,-4.07431983128735,-3.17250083153279,6.33108280765944,-0.37248351307632,0.351563327941938,0.563305054647671,0.944895597687805,0.713020833333333,0.958815860626293,"ALDEx2",0.944895597687805,-0.37248351307632,FALSE,"Bacteria","Proteobacteria","Gammaproteobacteria","Enterobacterales","Alteromonadaceae","Alteromonas","genovensis"
"ASV353",0.664768388180644,0.189945257062413,2.78010421298797,2.66495614919285,0.932930437206315,2.71475187538222,0.000547999460257121,0.0984795537783341,0.296620855892379,0,0,"ALDEx2",0.296620855892379,2.71475187538222,FALSE,"Bacteria","Proteobacteria","Alphaproteobacteria","Rickettsiales","S25-593",NA,NA
"ASV358",1.33858390730312,1.34431047750838,0.456917814075467,-0.531915099633156,4.71491987428766,-0.169900040275206,0.488372151282746,0.627721038825308,1,0.826562499999998,0.997312570363073,"ALDEx2",1,-0.169900040275206,FALSE,"Bacteria","Proteobacteria","Alphaproteobacteria","SAR11 clade","Clade I","Clade Ia",NA
"ASV361",0.709811585893737,0.966765670340184,-4.60509596579073,-5.57066875855246,2.77594353592161,-2.04841006890389,0.000547999460257121,0.163290973380293,0.69774206036431,0.133333333333333,0.524178312298614,"ALDEx2",0.69774206036431,-2.04841006890389,FALSE,"Bacteria","Proteobacteria","Alphaproteobacteria","SAR11 clade","Clade I","Clade Ib",NA
"ASV367",1.01484414392617,1.01484414392617,0.974692186766482,-0.199067169133329,5.2595125989554,-0.0452923290278761,0.5,0.770309546730343,1,0.797916666666665,1,"ALDEx2",1,-0.0452923290278761,FALSE,"Bacteria","Proteobacteria","Alphaproteobacteria","SAR11 clade","Clade II",NA,NA
"ASV368",-4.60975355436819,-6.2504137360606,4.24896804815036,10.0986193156021,2.50137821601651,4.40893726064246,0.000547999460257121,0.00412361157610897,0.0296301027581864,0,0,"ALDEx2",0.0296301027581864,4.40893726064246,TRUE,"Bacteria","Proteobacteria","Gammaproteobacteria","Pseudomonadales","Halieaceae","OM60(NOR5) clade",NA
"ASV375",-0.315892279645345,1.09834037262907,-4.45603873046874,-5.29812150908639,2.87334480071685,-1.79367166115053,0.000547999460257121,0.136554331595412,0.62479483184776,0.138541666666666,0.537281690058365,"ALDEx2",0.62479483184776,-1.79367166115053,FALSE,"Bacteria","Proteobacteria","Gammaproteobacteria","Pseudomonadales","Porticoccaceae","SAR92 clade",NA
"ASV376",1.15799104417345,1.53907129366922,-4.24419395075133,-5.66757884129202,2.6222196368333,-2.46124957076507,0.000547999460257121,0.130931931909768,0.645127240335089,0.133333333333333,0.524178312298614,"ALDEx2",0.645127240335089,-2.46124957076507,FALSE,"Bacteria","Proteobacteria","Alphaproteobacteria","Rhodospirillales","AEGEAN-169 marine group",NA,NA
"ASV378",2.05176527429998,1.72091371241217,2.86304027708525,1.093655297039,0.606444109093975,1.8164686908264,0.0387751645274906,0.0901752938694712,0.264232261024345,0.0239583333333333,0.0594226307773644,"ALDEx2",0.264232261024345,1.8164686908264,FALSE,"Bacteria","Proteobacteria","Alphaproteobacteria","SAR11 clade","Clade II",NA,NA
"ASV379",1.60411325876967,1.29873266755967,2.24909046322804,0.909796692017573,0.576716306957449,1.53044225706948,0.0465244157677118,0.125885443245451,0.339825917317563,0.0572916666666666,0.133121793274429,"ALDEx2",0.339825917317563,1.53044225706948,FALSE,"Bacteria","Proteobacteria","Alphaproteobacteria","Parvibaculales","OCS116 clade",NA,NA
"ASV383",-0.707669450620194,1.63894252317651,-4.18418227112059,-5.78265685760947,4.70162292684059,-1.02760280980533,0.178297322477122,0.278348329911803,0.839658009623263,0.421875,0.901888479849923,"ALDEx2",0.839658009623263,-1.02760280980533,FALSE,"Bacteria","Proteobacteria","Gammaproteobacteria","Pseudomonadales","Saccharospirillaceae","Oleispira",NA
"ASV384",-3.47428345149854,-0.501328845625245,-4.09602313786186,-3.50242167880594,6.3305652848104,-0.490912176177713,0.341086156513212,0.576508629064944,0.950949046465828,0.7390625,0.958593638501761,"ALDEx2",0.950949046465828,-0.490912176177713,FALSE,"Bacteria","Proteobacteria","Gammaproteobacteria","Enterobacterales","Alteromonadaceae",NA,NA
"ASV386",1.77096152940852,2.2124440201992,-4.659681132594,-6.72785324995233,2.4786710434748,-2.72255170841882,0.000547999460257121,0.117828793330254,0.584833331263238,0.133333333333333,0.524178312298614,"ALDEx2",0.584833331263238,-2.72255170841882,FALSE,"Bacteria","Cyanobacteria","Cyanobacteriia","Synechococcales","Cyanobiaceae","Synechococcus CC9902",NA
"ASV393",1.06707004683341,1.654485572011,-4.08924046996351,-5.826479821493,2.51900205498093,-2.49667733510184,0.000547999460257121,0.131120971164464,0.623751012447257,0.133333333333333,0.524178312298614,"ALDEx2",0.623751012447257,-2.49667733510184,FALSE,"Bacteria","Proteobacteria","Gammaproteobacteria","Pseudomonadales","SAR86 clade",NA,NA
"ASV399",2.08309392588389,2.08492484756069,1.13665535199597,-1.12018818481542,4.42845333909241,-0.180059040115022,0.472868353320776,0.596324914314131,1,0.828124999999998,0.99788961038961,"ALDEx2",1,-0.180059040115022,FALSE,"Bacteria","Proteobacteria","Alphaproteobacteria","SAR11 clade","Clade II",NA,NA
"ASV402",0.821375808838282,2.02568208021577,-4.29437895297242,-5.27314048692639,5.53476189153553,-0.865149125154521,0.187502608145345,0.269515506085055,0.816334680843141,0.386458333333333,0.881071822190875,"ALDEx2",0.816334680843141,-0.865149125154521,FALSE,"Bacteria","Proteobacteria","Alphaproteobacteria","SAR11 clade","Clade I","Clade Ia",NA
"ASV406",-0.644460117554998,-0.803187081146417,-0.644460117554998,-0.161909826198004,6.60788759156678,-0.0197408363315546,0.476562619469233,0.80645235326897,0.996220785250628,0.836458333333332,1,"ALDEx2",0.996220785250628,-0.0197408363315546,FALSE,"Bacteria","Proteobacteria","Alphaproteobacteria","SAR11 clade","Clade II",NA,NA
"ASV412",1.08338926687518,1.42502164759205,-4.25951928506114,-5.4948006958698,2.09100255130835,-2.58401925151313,0.000547999460257121,0.121814164496821,0.603852379777128,0.133333333333333,0.524178312298614,"ALDEx2",0.603852379777128,-2.58401925151313,FALSE,"Bacteria","Proteobacteria","Alphaproteobacteria","SAR11 clade","Clade I","Clade Ib",NA
"ASV413",1.29377932992153,0.812764578091423,3.90412825955864,3.04381505657329,0.937146278524937,3.46350268189665,0.000547999460257121,0.0832115852109546,0.258791303275651,0,0,"ALDEx2",0.258791303275651,3.46350268189665,FALSE,"Bacteria","Proteobacteria","Alphaproteobacteria","Rhodobacterales","Rhodobacteraceae",NA,NA
"ASV416",1.420072628932,1.79873257930775,-4.23066525191594,-6.03602383755827,2.4696366650107,-2.42992691226222,0.000547999460257121,0.122947675297032,0.600371139700295,0.133333333333333,0.524178312298614,"ALDEx2",0.600371139700295,-2.42992691226222,FALSE,"Bacteria","Proteobacteria","Alphaproteobacteria","SAR11 clade","Clade IV",NA,NA
"ASV420",-3.85027421695928,0.338633104070281,-4.76928539625386,-4.52782699413313,6.5812953344602,-0.567914530141397,0.351563327941938,0.499941482392199,0.943221222922873,0.678124999999999,0.953301315451735,"ALDEx2",0.943221222922873,-0.567914530141397,FALSE,"Bacteria","Proteobacteria","Alphaproteobacteria","SAR11 clade","Clade I","Clade Ia",NA
"ASV437",0.605698936304649,1.18746374318047,-4.32142558131862,-5.35700853113589,2.20762639082325,-2.21007141820866,0.000547999460257121,0.134429944564903,0.620774641457923,0.134375,0.526789498282442,"ALDEx2",0.620774641457923,-2.21007141820866,FALSE,"Bacteria","Proteobacteria","Alphaproteobacteria","Rhodobacterales","Rhodobacteraceae",NA,NA
"ASV448",0.842008582247503,-0.946938154132039,5.67730949995797,5.62634566835264,4.38600084169657,2.08630151101715,0.000547999460257121,0.0362191082898985,0.138247327368965,0,0,"ALDEx2",0.138247327368965,2.08630151101715,TRUE,"Bacteria","Bacteroidota","Bacteroidia","Flavobacteriales","Flavobacteriaceae","NS3a marine group",NA
"ASV464",1.95072027030358,2.1894202282692,0.218419128186992,-1.63639097143572,3.64109268488595,-0.589854112820819,0.218752092515224,0.505349143694642,1,0.467708333333333,0.935547674520437,"ALDEx2",1,-0.589854112820819,FALSE,"Bacteria","Actinobacteriota","Acidimicrobiia","Actinomarinales","Actinomarinaceae","Candidatus Actinomarina",NA
"ASV466",1.64298213702221,0.919127552477976,3.34608256170798,2.42453679746559,0.837075877554574,2.7637313979873,0.000547999460257121,0.029519908354683,0.11381298360161,0,0,"ALDEx2",0.11381298360161,2.7637313979873,TRUE,"Bacteria","Proteobacteria","Alphaproteobacteria","Rhodobacterales","Rhodobacteraceae",NA,NA
"ASV481",-4.49163267670763,-6.25118800013013,6.56302169599136,12.8828574731604,2.36024104450195,5.60395959059184,0.000547999460257121,0.0032921820869575,0.0249026861026086,0,0,"ALDEx2",0.0249026861026086,5.60395959059184,TRUE,"Bacteria","Proteobacteria","Alphaproteobacteria","Rhodobacterales","Rhodobacteraceae","Litorimicrobium",NA
"ASV483",1.67227455725847,-0.336168853139854,3.12448256344173,6.23067748810225,5.68638064916537,1.19938818101858,0.00782930484115282,0.113214881974925,0.336622423430788,0.00208333333333333,0.00564707880434782,"ALDEx2",0.336622423430788,1.19938818101858,FALSE,"Bacteria","Proteobacteria","Gammaproteobacteria","Pseudomonadales","Halieaceae","OM60(NOR5) clade",NA
"ASV488",-3.78370732562354,0.326449168446208,-4.51847602920984,-5.37417826821999,7.52853813257539,-0.560852452624861,0.325582389769386,0.467015019342322,0.938353313425549,0.701562499999999,0.96328665786486,"ALDEx2",0.938353313425549,-0.560852452624861,FALSE,"Bacteria","Proteobacteria","Gammaproteobacteria","Enterobacterales","Colwelliaceae","Litorilituus",NA
"ASV494",0.221686147174105,1.44054186255098,-4.38043364591639,-5.33781042171975,4.83951187797242,-1.06534260765834,0.139538641846235,0.278370799940961,0.813464573404329,0.366666666666666,0.852058399965781,"ALDEx2",0.813464573404329,-1.06534260765834,FALSE,"Bacteria","Proteobacteria","Alphaproteobacteria","Rhodospirillales","AEGEAN-169 marine group",NA,NA
"ASV500",-0.414000723521465,0.994640145614141,-4.42312819929004,-4.75656423733442,5.1497653015843,-1.00048336419854,0.162793794907465,0.274397727667567,0.827121803202776,0.382291666666666,0.890350253996026,"ALDEx2",0.827121803202776,-1.00048336419854,FALSE,"Bacteria","Proteobacteria","Gammaproteobacteria","Pseudomonadales","SAR86 clade",NA,NA
"ASV502",-4.58548623502158,-6.17237828256109,6.14369666674154,12.5273395670078,2.81854770886287,4.57724970867839,0.000547999460257121,0.00494086621668512,0.0316309155758608,0,0,"ALDEx2",0.0316309155758608,4.57724970867839,TRUE,"Bacteria","Bacteroidota","Bacteroidia","Flavobacteriales","Flavobacteriaceae","NS5 marine group",NA
"ASV507",-3.54888903357818,0.00908879435203591,-4.23706558814806,-3.71890917953319,6.53417237788748,-0.462845353438477,0.333334272252202,0.527077725976539,0.952907297875877,0.722395833333333,0.962988847388171,"ALDEx2",0.952907297875877,-0.462845353438477,FALSE,"Bacteria","Proteobacteria","Alphaproteobacteria","SAR11 clade","Clade I","Clade Ia",NA
"ASV514",-4.63561332463731,-6.16427312706216,4.56402135764696,10.9573043817064,2.71172762292538,4.57639955723842,0.000547999460257121,0.00581807635324515,0.0355882894820466,0,0,"ALDEx2",0.0355882894820466,4.57639955723842,TRUE,"Bacteria","Bacteroidota","Bacteroidia","Flavobacteriales","Flavobacteriaceae","Formosa",NA
"ASV542",-4.8009453230476,-6.34128049573634,6.02899716035383,12.2529819218647,2.43982607328545,5.54938032381596,0.000547999460257121,0.00355031660391007,0.0261969105572865,0,0,"ALDEx2",0.0261969105572865,5.54938032381596,TRUE,"Bacteria","Bacteroidota","Bacteroidia","Flavobacteriales","Cryomorphaceae",NA,NA
"ASV549",-3.81815781918325,-0.395770414272649,-4.18059279037931,-3.48912273664769,7.25088910204348,-0.394579623798127,0.387597492053801,0.566831931932465,0.977937900581412,0.777083333333333,0.982530446167937,"ALDEx2",0.977937900581412,-0.394579623798127,FALSE,"Bacteria","Proteobacteria","Gammaproteobacteria","Pseudomonadales","SAR86 clade",NA,NA
"ASV552",-1.13882019845938,-1.61295514029107,5.12085632908486,6.75307756798692,1.30491814270427,5.18726155830937,0.000547999460257121,0.0136051801590603,0.0631952127686519,0,0,"ALDEx2",0.0631952127686519,5.18726155830937,TRUE,"Bacteria","Proteobacteria","Gammaproteobacteria","Burkholderiales","Methylophilaceae","OM43 clade",NA
"ASV584",1.48645439307192,1.48645439307192,0.910744713611006,-0.600791220229048,4.48795643966477,-0.0297367243182826,0.5,0.65703260256704,1,0.799999999999998,1,"ALDEx2",1,-0.0297367243182826,FALSE,"Bacteria","Proteobacteria","Alphaproteobacteria","SAR11 clade","Clade I","Clade Ib",NA
"ASV591",0.69478818117922,1.10967493499516,-4.97758803985325,-6.08632439717439,3.22275999844788,-1.92631490436292,0.000547999460257121,0.139077212566279,0.626115048386024,0.134375,0.527170788358806,"ALDEx2",0.626115048386024,-1.92631490436292,FALSE,"Bacteria","Proteobacteria","Alphaproteobacteria","SAR11 clade","Clade I","Clade Ib",NA
"ASV609",1.72926078089478,1.72926078089478,1.06310338834046,0.417287390996896,6.91940651540074,0.0436271155243034,0.44531278151662,0.871770640032016,1,0.635416666666665,1,"ALDEx2",1,0.0436271155243034,FALSE,"Bacteria","Proteobacteria","Alphaproteobacteria","Puniceispirillales","SAR116 clade",NA,NA
"ASV617",-1.28289180800072,0.719909079777872,-4.19697478135465,-4.98759261929944,4.91113755575961,-0.775245094870875,0.195314964938317,0.323320526658761,0.859840737544476,0.398958333333333,0.888777204685101,"ALDEx2",0.859840737544476,-0.775245094870875,FALSE,"Bacteria","Proteobacteria","Alphaproteobacteria","SAR11 clade","Clade II",NA,NA
"ASV637",0.586859409712155,0.885598769862428,-4.19981202437149,-5.15525995170014,2.60350081276019,-2.21085936852802,0.000547999460257121,0.168429778469177,0.695862392940417,0.134375,0.52676229162678,"ALDEx2",0.695862392940417,-2.21085936852802,FALSE,"Bacteria","Proteobacteria","Alphaproteobacteria","SAR11 clade","Clade IV",NA,NA
"ASV647",-4.61704647828782,-6.05840787028534,5.98143109044742,12.1967802951451,2.74457530536051,4.4996910274804,0.000547999460257121,0.00446944264929677,0.030662654308425,0,0,"ALDEx2",0.030662654308425,4.4996910274804,TRUE,"Bacteria","Proteobacteria","Alphaproteobacteria","Rhodobacterales","Rhodobacteraceae","HIMB11",NA
"ASV658",0.823851099994119,0.981564897979574,-0.300789583971665,-1.30998948245687,3.41235753306072,-0.348712020203214,0.281251375942352,0.516003480573904,0.990877738493408,0.565104166666666,0.938304541073787,"ALDEx2",0.990877738493408,-0.348712020203214,FALSE,"Bacteria","Bacteroidota","Bacteroidia","Flavobacteriales","NS7 marine group",NA,NA
"ASV717",-3.1274735660963,-4.90170509447352,4.38813701385,9.60161234462433,2.2880545594799,4.41716395422342,0.000547999460257121,0.00902085924814265,0.0481984753001315,0,0,"ALDEx2",0.0481984753001315,4.41716395422342,TRUE,"Bacteria","Bacteroidota","Bacteroidia","Flavobacteriales","Flavobacteriaceae","NS4 marine group",NA
"ASV726",1.16428465991182,1.17425029615538,0.0985885844504466,-0.951623544766534,4.48354248859069,-0.260360051910325,0.480620252231404,0.592673775527269,1,0.832812499999999,0.996096199059561,"ALDEx2",1,-0.260360051910325,FALSE,"Bacteria","Proteobacteria","Alphaproteobacteria","SAR11 clade","Clade II",NA,NA
"ASV742",0.91572988575726,1.19821302134976,-4.61028519592373,-5.69356802332851,2.53408151987547,-2.44216140192009,0.000547999460257121,0.141772866606871,0.669620325932995,0.133333333333333,0.524178312298614,"ALDEx2",0.669620325932995,-2.44216140192009,FALSE,"Bacteria","Bacteroidota","Bacteroidia","Flavobacteriales","Flavobacteriaceae","NS4 marine group",NA
"ASV782",-3.57690331452073,-0.0527239902139955,-4.29868849891408,-4.99444948654524,6.66060935045476,-0.563835171626238,0.341086156513212,0.509066365812058,0.951673544443574,0.720833333333333,0.966609982874513,"ALDEx2",0.951673544443574,-0.563835171626238,FALSE,"Bacteria","Proteobacteria","Gammaproteobacteria","Pseudomonadales","Saccharospirillaceae",NA,NA
"ASV810",-4.71846309907652,-6.10766178517956,6.23018959529071,12.4856073036387,2.50741782054096,5.13085505040002,0.000547999460257121,0.00345402554052958,0.0253947828671953,0,0,"ALDEx2",0.0253947828671953,5.13085505040002,TRUE,"Bacteria","Proteobacteria","Alphaproteobacteria","Rhodobacterales","Rhodobacteraceae","HIMB11",NA
"ASV857",-4.48896853787795,-5.96660252880639,4.44810301054186,10.3867891147709,2.21386792276163,4.64244692024746,0.000547999460257121,0.00515533283700836,0.0336357436594361,0,0,"ALDEx2",0.0336357436594361,4.64244692024746,TRUE,"Bacteria","Proteobacteria","Gammaproteobacteria","Burkholderiales","Methylophilaceae","OM43 clade",NA
"ASV867",-4.34620519349821,-6.08085755954265,6.45385475221174,12.7217340003755,2.63267520183187,4.88028701810557,0.000547999460257121,0.00327012281483708,0.0261248669402704,0,0,"ALDEx2",0.0261248669402704,4.88028701810557,TRUE,"Bacteria","Bacteroidota","Bacteroidia","Flavobacteriales","Flavobacteriaceae","NS5 marine group",NA
"ASV916",-3.75717241043571,-0.484666881265712,-4.72207413740522,-4.17733693688376,6.8914756734415,-0.516128853920546,0.294574880995797,0.480243963145912,0.929341132747782,0.651041666666666,0.942715367102481,"ALDEx2",0.929341132747782,-0.516128853920546,FALSE,"Bacteria","Proteobacteria","Gammaproteobacteria","Pseudomonadales","Saccharospirillaceae",NA,NA
"ASV917",-4.62666441605431,-6.24929550905084,6.25864169072737,12.7118405895578,2.42808046254128,5.22609791077506,0.000547999460257121,0.00397128930702216,0.0275312887542782,0,0,"ALDEx2",0.0275312887542782,5.22609791077506,TRUE,"Bacteria","Proteobacteria","Alphaproteobacteria","Rhodobacterales","Rhodobacteraceae","HIMB11",NA
"ASV953",-4.55938258021096,-6.06264485738147,4.90597018197884,10.9648151347431,2.37770804806124,4.82607169334339,0.000547999460257121,0.00449558272019841,0.0303222723275761,0,0,"ALDEx2",0.0303222723275761,4.82607169334339,TRUE,"Bacteria","Proteobacteria","Gammaproteobacteria","Pseudomonadales","Pseudohongiellaceae","Pseudohongiella",NA
"ASV954",2.69362779354946,0.00204840089761316,3.55422766027757,6.30919815926977,5.42938684571931,1.15711226814723,0.0156646691693825,0.142426012642586,0.405047738942646,0.0145833333333333,0.0377997575307429,"ALDEx2",0.405047738942646,1.15711226814723,FALSE,"Bacteria","Proteobacteria","Gammaproteobacteria","Pseudomonadales","Halieaceae","OM60(NOR5) clade",NA
"ASV971",-3.69038072157128,-0.233943761220854,-4.13760067884242,-2.96528308968742,6.77030708392231,-0.346403792838416,0.395349385268813,0.58125751381022,0.959334869610467,0.780208333333333,0.97569846798527,"ALDEx2",0.959334869610467,-0.346403792838416,FALSE,"Bacteria","Proteobacteria","Alphaproteobacteria","SAR11 clade","Clade I","Clade Ia",NA
"ASV998",-0.128020887953977,-0.246839106827507,-0.128020887953977,-0.643177138608715,6.79594652888714,-0.0709387614955761,0.429687864834544,0.835091255236123,0.99627235891008,0.858333333333333,1,"ALDEx2",0.99627235891008,-0.0709387614955761,FALSE,"Bacteria","Proteobacteria","Alphaproteobacteria","SAR11 clade","Clade II",NA,NA
"ASV1013",0.800320192816685,2.53324558694732,-4.84718007927648,-6.39108987161528,6.17893618351139,-0.960047943623151,0.187502608145345,0.219537282931532,0.78910344311431,0.372916666666666,0.874414222482464,"ALDEx2",0.78910344311431,-0.960047943623151,FALSE,"Bacteria","Cyanobacteria","Cyanobacteriia","Synechococcales","Cyanobiaceae","Synechococcus CC9902",NA
"ASV1026",-4.48585850888896,-6.09418972754403,5.70505850360651,11.5935066404103,2.47059024844983,4.76795187860591,0.000547999460257121,0.00412275925355461,0.0297159413359472,0,0,"ALDEx2",0.0297159413359472,4.76795187860591,TRUE,"Bacteria","Bacteroidota","Bacteroidia","Flavobacteriales","Flavobacteriaceae",NA,NA
"ASV1097",-4.55325714081537,-5.87170642375679,4.90246373821747,10.7249161827606,2.36584699348534,4.89120339865982,0.000547999460257121,0.00468358164401298,0.0308052930458016,0,0,"ALDEx2",0.0308052930458016,4.89120339865982,TRUE,"Bacteria","Proteobacteria","Alphaproteobacteria","Rhodobacterales","Rhodobacteraceae","Lentibacter","algarum"
"ASV1165",-3.72965895519682,-0.412438604983246,-4.57649438504958,-4.15244017810791,7.23281728647947,-0.477394751012807,0.335938435121624,0.49360053782291,0.938958122991091,0.677604166666666,0.954426345922434,"ALDEx2",0.938958122991091,-0.477394751012807,FALSE,"Bacteria","Proteobacteria","Gammaproteobacteria","Pseudomonadales","Saccharospirillaceae",NA,NA
"ASV1169",-4.72230424929583,-6.4476329664282,5.29479908985486,11.6779349030286,2.8350360975663,4.38273682076146,0.000547999460257121,0.00506873398346235,0.0326436786911176,0,0,"ALDEx2",0.0326436786911176,4.38273682076146,TRUE,"Bacteria","Proteobacteria","Gammaproteobacteria","Pseudomonadales","Halieaceae","OM60(NOR5) clade",NA
"ASV1245",0.318111913349224,0.751647521583855,-4.30987268105963,-5.4641751215149,2.45477859321234,-2.0207108571669,0.000547999460257121,0.143159344261064,0.650894773748887,0.134375,0.526861393106695,"ALDEx2",0.650894773748887,-2.0207108571669,FALSE,"Bacteria","Proteobacteria","Alphaproteobacteria","Parvibaculales","OCS116 clade",NA,NA
"ASV1287",0.700346283062691,1.77740292009104,-4.14256524890477,-5.24622958651408,5.18005374723781,-0.911817164099106,0.209304524505175,0.302422023124511,0.850350486833796,0.410416666666666,0.908990554301535,"ALDEx2",0.850350486833796,-0.911817164099106,FALSE,"Bacteria","Cyanobacteria","Cyanobacteriia","Synechococcales","Cyanobiaceae","Prochlorococcus MIT9313",NA
"ASV1288",-3.7771059870361,-0.396488081061909,-4.51733502533754,-3.87317683696801,7.16713217916113,-0.561880028380246,0.302326754637769,0.477297028600426,0.926676962380912,0.707291666666666,0.952308681475616,"ALDEx2",0.926676962380912,-0.561880028380246,FALSE,"Bacteria","Proteobacteria","Gammaproteobacteria","Pseudomonadales","Saccharospirillaceae","Oceaniserpentilla",NA
"ASV1329",-4.87199373434953,-6.46302695580705,4.46753245065748,10.861604689453,2.37723547156519,4.5285141711216,0.000547999460257121,0.00543393158514434,0.0340389648482836,0,0,"ALDEx2",0.0340389648482836,4.5285141711216,TRUE,"Bacteria","Bacteroidota","Bacteroidia","Flavobacteriales","NS9 marine group",NA,NA
"ASV1369",0.43680529994276,1.72562825369202,-4.50098946685872,-5.71384302180976,5.79884814827885,-0.98762470326058,0.164065614388277,0.230588555871764,0.794413540640072,0.357291666666667,0.855330647242861,"ALDEx2",0.794413540640072,-0.98762470326058,FALSE,"Bacteria","Cyanobacteria","Cyanobacteriia","Synechococcales","Cyanobiaceae","Synechococcus CC9902",NA
"ASV1391",-4.69088688337166,-6.27176662697672,4.12828169342321,10.5826564714086,2.7668582600248,3.65384318653267,0.000547999460257121,0.00681274012776729,0.0394972958866716,0,0,"ALDEx2",0.0394972958866716,3.65384318653267,TRUE,"Bacteria","Bacteroidota","Bacteroidia","Flavobacteriales","Flavobacteriaceae","Aureimarina","marisflavi"
"ASV1453",-4.55226364855386,-6.00360229613169,4.85253889227507,10.7469556162965,2.21851079055323,5.18449686581511,0.000547999460257121,0.00472272342719928,0.0316909650790858,0,0,"ALDEx2",0.0316909650790858,5.18449686581511,TRUE,"Bacteria","Proteobacteria","Alphaproteobacteria","Rhodobacterales","Rhodobacteraceae","Nereida","ignava"
"ASV1759",-4.67126154343556,-6.16362171970207,4.68477369256071,10.8552734080026,2.31102104429205,5.05401107508185,0.000547999460257121,0.00520361179959488,0.0333098895777088,0,0,"ALDEx2",0.0333098895777088,5.05401107508185,TRUE,"Bacteria","Bacteroidota","Bacteroidia","Flavobacteriales","Flavobacteriaceae","NS5 marine group",NA
"ASV2196",-4.58864971549718,-6.17669453692856,4.0783858110228,10.2818328095354,2.233577448383,4.61636525262592,0.000547999460257121,0.00508724245220358,0.0336925510875482,0,0,"ALDEx2",0.0336925510875482,4.61636525262592,TRUE,"Bacteria","Proteobacteria","Alphaproteobacteria","Rhodobacterales","Rhodobacteraceae","Planktomarina","temperata"
"ASV2965",0.0328563671532374,1.13363818313072,-4.58188449706779,-4.82673864359113,5.26472827658408,-0.973560269874099,0.14844103615476,0.254735348657176,0.809027091977632,0.377083333333333,0.867428442295147,"ALDEx2",0.809027091977632,-0.973560269874099,FALSE,"Bacteria","Proteobacteria","Alphaproteobacteria","Puniceispirillales","SAR116 clade","Candidatus Puniceispirillum",NA
