"TaxaID","rab.all","rab.win.control","rab.win.Dor-in","diff.btw","diff.win","effect","overlap","we.ep","we.eBH","wi.ep","wi.eBH","method","adjusted_p_value","score","significant","Kingdom","Phylum","Class","Order","Family","Genus","Species"
"ASV1",5.05735376998365,5.47261163196215,1.88760804762459,-3.60621923451196,4.6889527167572,-1.24118798147119,0.000547999460257121,0.384994277157736,0.802314242052577,0.2,0.4620921592711,"ALDEx2",0.802314242052577,-1.24118798147119,FALSE,"Bacteria","Proteobacteria","Alphaproteobacteria","SAR11 clade","Clade I","Clade Ia",NA
"ASV2",2.09522252384414,2.56605599437187,-2.98856463873093,-5.5570104115146,2.45591172663523,-2.41917192491613,0.000547999460257121,0.117871960929506,0.432700927455013,0.2,0.4620921592711,"ALDEx2",0.432700927455013,-2.41917192491613,FALSE,"Bacteria","Cyanobacteria","Cyanobacteriia","Synechococcales","Cyanobiaceae","Prochlorococcus MIT9313","marinus"
"ASV3",4.26551703385012,4.52481163293574,0.755148529338465,-3.60468125796359,3.37308771152751,-1.42519671721258,0.000547999460257121,0.327380367490752,0.739035831288537,0.2,0.4620921592711,"ALDEx2",0.739035831288537,-1.42519671721258,FALSE,"Bacteria","Proteobacteria","Alphaproteobacteria","SAR11 clade","Clade I","Clade Ia",NA
"ASV4",3.87486308058125,4.79241165127576,-3.07716551359774,-7.80776797739232,2.70389597175475,-2.91669501411007,0.000547999460257121,0.104295156322308,0.401941079730117,0.2,0.4620921592711,"ALDEx2",0.401941079730117,-2.91669501411007,FALSE,"Bacteria","Cyanobacteria","Cyanobacteriia","Synechococcales","Cyanobiaceae","Synechococcus CC9902",NA
"ASV5",4.28722847535181,4.5837892697602,2.25208979589226,-2.38138642131244,0.818112600393483,-2.98429452670076,0.000547999460257121,0.159296619825639,0.511584074655018,0.2015625,0.46507650970349,"ALDEx2",0.511584074655018,-2.98429452670076,FALSE,"Bacteria","Proteobacteria","Alphaproteobacteria","SAR11 clade","Clade II",NA,NA
"ASV6",4.16279551560552,4.45872207458835,-3.03995295205999,-7.58991242577865,2.54174435610582,-3.19368622388379,0.000547999460257121,0.112417988090138,0.436830839598305,0.2,0.4620921592711,"ALDEx2",0.436830839598305,-3.19368622388379,FALSE,"Bacteria","Proteobacteria","Alphaproteobacteria","SAR11 clade","Clade I","Clade Ia",NA
"ASV13",2.73865592729263,3.83641791288356,-2.87096656187583,-6.65191593836102,2.26131435437263,-3.09592798002424,0.000547999460257121,0.106868317645952,0.399701818661895,0.2,0.4620921592711,"ALDEx2",0.399701818661895,-3.09592798002424,FALSE,"Bacteria","Proteobacteria","Alphaproteobacteria","SAR11 clade","Clade I","Clade Ib",NA
"ASV20",2.90013680543664,3.1937871371139,-3.45966039620002,-6.66849403904847,2.38045777352327,-2.88812369122015,0.000547999460257121,0.135103332625952,0.461169580374745,0.2,0.4620921592711,"ALDEx2",0.461169580374745,-2.88812369122015,FALSE,"Bacteria","Proteobacteria","Alphaproteobacteria","SAR11 clade","Clade I","Clade Ia",NA
"ASV24",3.83673170870663,4.14765192158053,-3.29413854150318,-8.39946403166083,3.16131131037048,-2.77245593618242,0.000547999460257121,0.0737600052784046,0.341846016162429,0.2,0.4620921592711,"ALDEx2",0.341846016162429,-2.77245593618242,FALSE,"Bacteria","Proteobacteria","Alphaproteobacteria","Rhodobacterales","Rhodobacteraceae","Pseudophaeobacter",NA
"ASV27",2.30679091274806,2.92907058846028,-3.28444292136686,-7.73112082134647,3.93928949362042,-2.06810348312477,0.000547999460257121,0.102639649728014,0.422076477221856,0.2,0.4620921592711,"ALDEx2",0.422076477221856,-2.06810348312477,FALSE,"Bacteria","Proteobacteria","Gammaproteobacteria","Pseudomonadales","Saccharospirillaceae","Oceaniserpentilla",NA
"ASV30",-1.45159900718107,3.24982488067593,-2.92783876691981,-5.04301309985551,5.65707940399638,-0.870970217136208,0.226564484085857,0.371093766448051,0.74504501599386,0.5703125,0.852877110105417,"ALDEx2",0.74504501599386,-0.870970217136208,FALSE,"Bacteria","Proteobacteria","Alphaproteobacteria","SAR11 clade","Clade II",NA,NA
"ASV34",2.29460872660044,2.60793389640351,-2.64759173348066,-5.42667069139369,2.37317678701843,-2.29049609332743,0.000547999460257121,0.140005667566739,0.456536372464381,0.2,0.4620921592711,"ALDEx2",0.456536372464381,-2.29049609332743,FALSE,"Bacteria","Proteobacteria","Alphaproteobacteria","SAR11 clade","Clade IV",NA,NA
"ASV37",2.27438767340717,2.42386403766955,1.26247126410234,-1.16728295668588,3.96437615379503,-0.415276122133608,0.195314964938317,0.479095472493571,0.905861158186425,0.53125,0.761976218857452,"ALDEx2",0.905861158186425,-0.415276122133608,FALSE,"Bacteria","Cyanobacteria","Cyanobacteriia","Synechococcales","Cyanobiaceae","Synechococcus CC9902",NA
"ASV39",1.79196338003174,2.16704838225642,-2.95726544789841,-5.23184626912534,2.16027728758531,-2.49958206644806,0.000547999460257121,0.165245150885464,0.501306862776112,0.2015625,0.464589002705443,"ALDEx2",0.501306862776112,-2.49958206644806,FALSE,"Bacteria","Actinobacteriota","Acidimicrobiia","Actinomarinales","Actinomarinaceae","Candidatus Actinomarina",NA
"ASV42",0.46022733474317,0.981620922278891,-3.18284992103835,-4.84408346190265,2.7465316947286,-1.64930998760803,0.0155432426385351,0.154368124253123,0.488947445957045,0.2171875,0.479425132899967,"ALDEx2",0.488947445957045,-1.64930998760803,FALSE,"Bacteria","Proteobacteria","Gammaproteobacteria","Pseudomonadales","Marinomonadaceae","Marinomonas",NA
"ASV43",1.80364823797091,0.873958707422263,3.5128041003459,2.6084098977871,1.6452685736978,1.57207328053884,0.000547999460257121,0.176470036935328,0.534598644066655,0,0,"ALDEx2",0.534598644066655,1.57207328053884,FALSE,"Bacteria","Proteobacteria","Gammaproteobacteria","Enterobacterales","Pseudoalteromonadaceae","Pseudoalteromonas",NA
"ASV45",1.92248858113877,2.57856712540439,-2.98176736454586,-5.57646277917325,2.51197652708845,-2.14301864360105,0.000547999460257121,0.128697025302298,0.449200612020604,0.2,0.4620921592711,"ALDEx2",0.449200612020604,-2.14301864360105,FALSE,"Bacteria","Proteobacteria","Alphaproteobacteria","SAR11 clade","Clade I","Clade Ib",NA
"ASV47",-1.32090341346083,2.37793345030846,-2.78684849348496,-4.40066257842464,5.52964944510521,-0.683339992791838,0.226564484085857,0.453423830487017,0.786179808376866,0.578125,0.859402464578392,"ALDEx2",0.786179808376866,-0.683339992791838,FALSE,"Bacteria","Proteobacteria","Alphaproteobacteria","SAR11 clade","Clade I","Clade Ib",NA
"ASV49",3.35930099850741,4.55569176865858,-3.36584725380618,-8.37266860159157,3.57727622108001,-2.40331979023849,0.000547999460257121,0.0861761549418111,0.375109009433064,0.2,0.4620921592711,"ALDEx2",0.375109009433064,-2.40331979023849,FALSE,"Bacteria","Proteobacteria","Gammaproteobacteria","Enterobacterales","Colwelliaceae","Colwellia",NA
"ASV50",2.55973097308636,1.63584602030993,2.87089601341456,1.15755267354016,1.76194525732965,0.502331807521393,0.335938435121624,0.773349393466478,1,0.431249999999999,0.99598275371955,"ALDEx2",1,0.502331807521393,FALSE,"Bacteria","Proteobacteria","Alphaproteobacteria","Rhodobacterales","Rhodobacteraceae","Pseudophaeobacter",NA
"ASV51",2.04993880504226,2.32017748756088,-2.73028400062974,-5.11047593670581,2.26226206737615,-2.1000502794858,0.000547999460257121,0.144217986141951,0.477170938029064,0.2,0.4620921592711,"ALDEx2",0.477170938029064,-2.1000502794858,FALSE,"Bacteria","Proteobacteria","Alphaproteobacteria","SAR11 clade","Clade I","Clade Ib",NA
"ASV53",2.1936927753868,3.29479591175602,-3.17876530566955,-7.74618336035005,4.05559205935914,-2.03809940692022,0.000547999460257121,0.0733495019683806,0.369590757746242,0.2,0.4620921592711,"ALDEx2",0.369590757746242,-2.03809940692022,FALSE,"Bacteria","Proteobacteria","Gammaproteobacteria","Enterobacterales","Colwelliaceae","Colwellia",NA
"ASV56",0.672290116346979,2.76445434698554,-3.36100210112831,-5.32367505068885,3.19320244780669,-1.7764605685175,0.00782930484115282,0.131247967618809,0.465606489339268,0.2046875,0.470099724377723,"ALDEx2",0.465606489339268,-1.7764605685175,FALSE,"Archaea","Crenarchaeota","Nitrososphaeria","Nitrosopumilales","Nitrosopumilaceae","Candidatus Nitrosopelagicus",NA
"ASV62",-0.639138305106583,2.14130611131862,-3.00756899098286,-4.59751490859214,3.42356749744799,-1.29358726425882,0.0625094885240508,0.174900104655459,0.538925948334796,0.2796875,0.589779196374131,"ALDEx2",0.538925948334796,-1.29358726425882,FALSE,"Bacteria","Verrucomicrobiota","Verrucomicrobiae","Opitutales","Puniceicoccaceae","Lentimonas",NA
"ASV66",3.69074339060407,3.30736554132995,7.50130297226167,4.30396865935333,0.723842805919524,6.1209930492373,0.000547999460257121,0.0347230587608483,0.176147405011143,0,0,"ALDEx2",0.176147405011143,6.1209930492373,TRUE,"Bacteria","Proteobacteria","Gammaproteobacteria","Enterobacterales","Vibrionaceae","Vibrio",NA
"ASV72",-1.57931598885124,1.51268883188129,-3.39468430795386,-4.49479257540989,5.41909751046932,-0.779006453435401,0.218752092515224,0.367649479898005,0.742841548058162,0.512499999999999,0.811498384497449,"ALDEx2",0.742841548058162,-0.779006453435401,FALSE,"Bacteria","Proteobacteria","Alphaproteobacteria","Puniceispirillales","SAR116 clade",NA,NA
"ASV76",5.42630878417789,5.798463882941,-3.3616259417513,-9.12243991166526,2.29818721589842,-3.85864458920792,0.000547999460257121,0.0923761172720339,0.376336087898179,0.2,0.4620921592711,"ALDEx2",0.376336087898179,-3.85864458920792,FALSE,"Bacteria","Proteobacteria","Gammaproteobacteria","Enterobacterales","Colwelliaceae","Colwellia",NA
"ASV81",2.08559804586644,2.48474253744461,-3.1735114407415,-6.974414899514,3.17935593057976,-2.03045421201552,0.000547999460257121,0.0969635864200362,0.402983362892329,0.2,0.4620921592711,"ALDEx2",0.402983362892329,-2.03045421201552,FALSE,"Bacteria","Proteobacteria","Alphaproteobacteria","Rhodobacterales","Rhodobacteraceae","Pseudophaeobacter",NA
"ASV92",-0.0636520530142075,2.72391720867609,-2.8610566747833,-5.35357757387081,3.21150689209861,-1.56521366679777,0.0156646691693825,0.118950168877226,0.457790161622343,0.215625,0.489484464149396,"ALDEx2",0.457790161622343,-1.56521366679777,FALSE,"Bacteria","Verrucomicrobiota","Verrucomicrobiae","Opitutales","Puniceicoccaceae","Coraliomargarita",NA
"ASV111",-1.69428224456364,2.90396711230518,-3.36747634634101,-5.18368153553391,7.23766240930976,-0.71822685311694,0.234376882168507,0.464332034507751,0.809989452069946,0.609374999999999,0.883870346048798,"ALDEx2",0.809989452069946,-0.71822685311694,FALSE,"Bacteria","Proteobacteria","Gammaproteobacteria","Pseudomonadales","SAR86 clade",NA,NA
"ASV116",-3.13758323099159,-3.43394498919143,-2.9093744878485,-0.506097587363591,6.81661426257515,-0.0639847930799165,0.465116454608099,0.741308762219007,0.943836213417567,0.73125,0.962152167147717,"ALDEx2",0.943836213417567,-0.0639847930799165,FALSE,"Bacteria","Proteobacteria","Alphaproteobacteria","Rhodobacterales","Rhodobacteraceae","Sedimentitalea",NA
"ASV141",0.897225353843207,1.97321573694124,-3.21420698714143,-5.13143489605885,2.5243786702473,-1.89856861947568,0.000547999460257121,0.129480799386809,0.439265744867295,0.2,0.4620921592711,"ALDEx2",0.439265744867295,-1.89856861947568,FALSE,"Bacteria","Cyanobacteria","Cyanobacteriia","Synechococcales","Cyanobiaceae","Synechococcus CC9902",NA
"ASV160",4.01568983054782,3.60738205522627,6.345593863134,2.69128856700799,0.52218847436712,5.20943699308646,0.000547999460257121,0.0274891223304684,0.145676807373161,0,0,"ALDEx2",0.145676807373161,5.20943699308646,TRUE,"Bacteria","Bacteroidota","Bacteroidia","Flavobacteriales","Flavobacteriaceae","Polaribacter","dokdonensis"
"ASV168",-3.44477153628148,-5.66959430887065,4.86969754676446,10.5791721239955,2.98189245915799,3.87536670454679,0.000547999460257121,0.0211328394310645,0.130877261096155,0,0,"ALDEx2",0.130877261096155,3.87536670454679,TRUE,"Bacteria","Proteobacteria","Gammaproteobacteria","Pseudomonadales","Saccharospirillaceae","Oleibacter",NA
"ASV169",4.62541649260882,0.110117141016265,5.63251071766814,5.45962782242197,4.40502177693887,1.17024766963796,0.000547999460257121,0.174292394593138,0.528856687305788,0.0046875,0.0135817307692308,"ALDEx2",0.528856687305788,1.17024766963796,FALSE,"Bacteria","Proteobacteria","Gammaproteobacteria","Enterobacterales","Colwelliaceae","Thalassotalea","eurytherma"
"ASV175",4.11143905473373,4.63131153239612,-2.98602725330258,-7.53664877783072,2.3676934201344,-3.42024263091379,0.000547999460257121,0.0861053153093538,0.359375198709253,0.2,0.4620921592711,"ALDEx2",0.359375198709253,-3.42024263091379,FALSE,"Bacteria","Proteobacteria","Gammaproteobacteria","Enterobacterales","Colwelliaceae","Colwellia",NA
"ASV180",3.96270423716839,2.92971975999348,5.30015148835743,2.33843787161201,1.49733909008864,1.68665017407545,0.000547999460257121,0.10256196387666,0.355393882174874,0.0046875,0.0131345274390244,"ALDEx2",0.355393882174874,1.68665017407545,FALSE,"Bacteria","Proteobacteria","Gammaproteobacteria","Enterobacterales","Pseudoalteromonadaceae","Pseudoalteromonas",NA
"ASV223",3.2261687098935,3.51244530047972,-3.26951176850482,-7.31415660305454,2.35319047305889,-2.75182234133788,0.000547999460257121,0.0991839020478973,0.385264325511983,0.2,0.4620921592711,"ALDEx2",0.385264325511983,-2.75182234133788,FALSE,"Bacteria","Proteobacteria","Gammaproteobacteria","Pseudomonadales","Cellvibrionaceae","Aestuariicella",NA
"ASV236",-1.44591577729112,4.031570222842,-2.91989233727638,-5.89662556875555,7.18376657076142,-0.673413902189735,0.257814109363974,0.440091568472236,0.805285671769856,0.660937499999999,0.914338166300887,"ALDEx2",0.805285671769856,-0.673413902189735,FALSE,"Bacteria","Bacteroidota","Bacteroidia","Flavobacteriales","Flavobacteriaceae","Aurantivirga",NA
"ASV248",-1.40802315970306,1.68043271323473,-3.01089309392763,-3.63628298995743,4.79930478159208,-0.719109444873545,0.242189286111662,0.421387512184232,0.766389271153024,0.54375,0.828475807987749,"ALDEx2",0.766389271153024,-0.719109444873545,FALSE,"Bacteria","Proteobacteria","Gammaproteobacteria","Enterobacterales","Alteromonadaceae","Alteromonas","australica"
"ASV256",-3.55648289407269,-3.86288165910842,-3.34432139521105,-1.46037626120694,7.34559727488525,-0.149421123920167,0.441860760246363,0.72676125915259,0.948466160823595,0.7640625,0.963924811676949,"ALDEx2",0.948466160823595,-0.149421123920167,FALSE,"Bacteria","Proteobacteria","Alphaproteobacteria","Rhodobacterales","Rhodobacteraceae","Amylibacter",NA
"ASV319",2.96870474883081,3.56026715959533,0.795175594056124,-3.24326554011398,2.98046347751066,-1.27677647334928,0.023281977911024,0.335705001997172,0.747654890423515,0.2328125,0.511013676292062,"ALDEx2",0.747654890423515,-1.27677647334928,FALSE,"Bacteria","Proteobacteria","Gammaproteobacteria","Pseudomonadales","Saccharospirillaceae","Oleispira",NA
"ASV343",-3.10425538396838,-3.47220448807246,-2.71853651557439,0.340738125896975,7.68837787163539,0.0342859282020552,0.480620252231404,0.759382512513833,0.955503109905261,0.7203125,0.970111211387257,"ALDEx2",0.955503109905261,0.0342859282020552,FALSE,"Bacteria","Proteobacteria","Gammaproteobacteria","Enterobacterales","Colwelliaceae","Colwellia",NA
"ASV346",2.418809719082,0.93318134198041,4.96763523831146,3.97138783670054,1.44664170244929,2.88093622428814,0.000547999460257121,0.03962711393283,0.187573109121673,0,0,"ALDEx2",0.187573109121673,2.88093622428814,TRUE,"Archaea","Crenarchaeota","Nitrososphaeria","Nitrosopumilales","Nitrosopumilaceae","Candidatus Nitrosopumilus",NA
"ASV347",-1.70780156621726,0.261995249905296,-3.4720536646089,-3.9828451199511,4.9385657008181,-0.755228211654642,0.179690262997481,0.394477753298314,0.784508858179874,0.553125,0.845690535367219,"ALDEx2",0.784508858179874,-0.755228211654642,FALSE,"Bacteria","Proteobacteria","Gammaproteobacteria","Enterobacterales","Alteromonadaceae","Alteromonas","genovensis"
"ASV354",2.45907583500177,1.81564065151951,5.48404511529421,3.78153679468962,3.52381334882349,2.1062948793511,0.000547999460257121,0.132422840276216,0.427028518983584,0,0,"ALDEx2",0.427028518983584,2.1062948793511,FALSE,"Bacteria","Bacteroidota","Bacteroidia","Flavobacteriales","Flavobacteriaceae","Winogradskyella",NA
"ASV383",2.97204116283662,3.63011345924478,-3.08612034272935,-7.12845708804097,2.52985271799867,-2.60757535946943,0.000547999460257121,0.103627787757895,0.383489414707486,0.2,0.4620921592711,"ALDEx2",0.383489414707486,-2.60757535946943,FALSE,"Bacteria","Proteobacteria","Gammaproteobacteria","Pseudomonadales","Saccharospirillaceae","Oleispira",NA
"ASV410",1.6938418773471,-3.8762885386704,4.29378871282158,8.380864672685,4.42795400799068,1.68993052579452,0.000547999460257121,0.107542859406134,0.364833727417994,0,0,"ALDEx2",0.364833727417994,1.68993052579452,FALSE,"Bacteria","Proteobacteria","Gammaproteobacteria","Enterobacterales","Pseudoalteromonadaceae","Pseudoalteromonas","citrea"
"ASV424",-2.31975466990003,-3.23137838954896,0.567667612254183,1.61698882490904,6.7937439342099,0.213552679491295,0.457364556151575,0.681868564922176,0.991677146362413,0.63125,0.982806917040764,"ALDEx2",0.991677146362413,0.213552679491295,FALSE,"Bacteria","Proteobacteria","Alphaproteobacteria","Rhodobacterales","Rhodobacteraceae","Pseudophaeobacter","arcticus"
"ASV441",2.38511836067889,-4.53700627544284,6.20358287561418,10.7490705792005,5.8627717512094,1.76558240423228,0.000547999460257121,0.0907468132322241,0.321629520206938,0,0,"ALDEx2",0.321629520206938,1.76558240423228,FALSE,"Bacteria","Bacteroidota","Bacteroidia","Flavobacteriales","Flavobacteriaceae","Winogradskyella",NA
"ASV442",0.637743109831141,3.06565863736835,-2.90428307347545,-5.47389470199336,3.12721197249619,-1.8102802878158,0.0155432426385351,0.104776875520416,0.427042863509353,0.2109375,0.481625792456917,"ALDEx2",0.427042863509353,-1.8102802878158,FALSE,"Bacteria","Proteobacteria","Gammaproteobacteria","Enterobacterales","Colwelliaceae","Colwellia","meonggei"
"ASV457",-3.35033374296858,-5.6411190650537,7.94462772424328,13.8678137622461,2.86973563552865,5.02384929081317,0.000547999460257121,0.0150524119530564,0.107557680981572,0,0,"ALDEx2",0.107557680981572,5.02384929081317,TRUE,"Bacteria","Proteobacteria","Gammaproteobacteria","Enterobacterales","Vibrionaceae","Vibrio",NA
"ASV458",-3.40778369529288,-5.7140630292445,5.1136269069278,10.978777117249,2.58242695915414,4.06286222856506,0.000547999460257121,0.0201762747567735,0.127348729889148,0,0,"ALDEx2",0.127348729889148,4.06286222856506,TRUE,"Bacteria","Proteobacteria","Gammaproteobacteria","Enterobacterales","Pseudoalteromonadaceae","Pseudoalteromonas",NA
"ASV479",1.8772663408244,2.89076738369925,-3.17133570434801,-5.94658500642981,2.38567036342151,-2.60987881960399,0.00782930484115282,0.115470958251158,0.418054218594036,0.2015625,0.464502135923399,"ALDEx2",0.418054218594036,-2.60987881960399,FALSE,"Bacteria","Proteobacteria","Gammaproteobacteria","Enterobacterales","Colwelliaceae","Thalassotalea",NA
"ASV495",0.872985633116787,-3.51085092489558,4.55878818359915,7.85263044706586,4.47446653772984,1.93343561001722,0.000547999460257121,0.0817738593324966,0.300322577278602,0,0,"ALDEx2",0.300322577278602,1.93343561001722,FALSE,"Bacteria","Proteobacteria","Gammaproteobacteria","Pseudomonadales","Oleiphilaceae","Oleiphilus",NA
"ASV506",-1.5151874007664,2.97924340304852,-3.16048713543516,-4.65262599773851,6.58695878525763,-0.60808850605127,0.271319277489628,0.46625997662232,0.802144472093215,0.5953125,0.874244451259832,"ALDEx2",0.802144472093215,-0.60808850605127,FALSE,"Bacteria","Bacteroidota","Bacteroidia","Flavobacteriales","Flavobacteriaceae","Aurantivirga",NA
"ASV523",1.75664622950006,2.16008967941801,-3.37751219076043,-5.99118694275622,2.72588672253258,-1.94302628153168,0.000547999460257121,0.122673573664098,0.431487491734395,0.2,0.4620921592711,"ALDEx2",0.431487491734395,-1.94302628153168,FALSE,"Bacteria","Proteobacteria","Gammaproteobacteria","Enterobacterales","Colwelliaceae","Colwellia","aquaemaris"
"ASV537",-3.48603436033208,-5.51413315384842,6.01777837334951,11.5102455391985,2.60324928021418,4.45374436923792,0.000547999460257121,0.0190018780141819,0.119302472562322,0,0,"ALDEx2",0.119302472562322,4.45374436923792,TRUE,"Bacteria","Proteobacteria","Alphaproteobacteria","Rhodobacterales","Rhodobacteraceae","Ruegeria",NA
"ASV543",1.19548357141493,1.87109066991622,-2.98923517150302,-5.10788040872003,2.64623405460323,-1.7133660511642,0.000547999460257121,0.124948589884667,0.431507586919304,0.203125,0.467138157340702,"ALDEx2",0.431507586919304,-1.7133660511642,FALSE,"Bacteria","Bacteroidota","Bacteroidia","Flavobacteriales","Flavobacteriaceae","Dokdonia","lutea"
"ASV566",2.12171894239073,2.06921051610124,2.60080828709477,0.468358469048031,1.24574434869811,0.372073136035071,0.372093708611091,0.679730550800836,0.972693162763839,0.554687499999999,0.844557239079199,"ALDEx2",0.972693162763839,0.372073136035071,FALSE,"Bacteria","Proteobacteria","Gammaproteobacteria","Enterobacterales","Shewanellaceae","Psychrobium",NA
"ASV578",-3.49650808508317,-5.61172221563587,6.95018115713974,12.5480401814491,2.39952224864146,5.31691968138549,0.000547999460257121,0.0159906699725002,0.111217556348197,0,0,"ALDEx2",0.111217556348197,5.31691968138549,TRUE,"Bacteria","Bacteroidota","Bacteroidia","Flavobacteriales","Flavobacteriaceae","Actibacter",NA
"ASV579",-1.60045312917946,2.74002155193921,-3.46900782255767,-5.3613145537566,6.29144766337483,-0.910647811462152,0.217056347854834,0.358143385103952,0.732881809660325,0.5484375,0.8325639463432,"ALDEx2",0.732881809660325,-0.910647811462152,FALSE,"Bacteria","Proteobacteria","Gammaproteobacteria","Enterobacterales","Alteromonadaceae",NA,NA
"ASV582",0.705319745932589,1.19303084058467,-2.87076374216702,-5.3371355418125,3.1369356669755,-1.57247679518626,0.0155432426385351,0.11895784530307,0.45049324123926,0.209375,0.474045852186418,"ALDEx2",0.45049324123926,-1.57247679518626,FALSE,"Bacteria","Proteobacteria","Gammaproteobacteria","Pseudomonadales","Oleiphilaceae","Oleiphilus",NA
"ASV651",2.30112197242112,2.61077072600998,-3.1170636799591,-5.91905445102584,2.6185174898112,-2.2435375703707,0.000547999460257121,0.127214681284719,0.443140129486069,0.2,0.4620921592711,"ALDEx2",0.443140129486069,-2.2435375703707,FALSE,"Bacteria","Bacteroidota","Bacteroidia","Flavobacteriales","Flavobacteriaceae","Tenacibaculum",NA
"ASV657",-3.5310669216873,-5.65654779783068,6.86532370964458,12.9899126007423,4.63363305930631,2.96034273190323,0.000547999460257121,0.0661585949484858,0.258490503189578,0,0,"ALDEx2",0.258490503189578,2.96034273190323,FALSE,"Bacteria","Proteobacteria","Gammaproteobacteria","Enterobacterales","Vibrionaceae","Vibrio",NA
"ASV691",1.60836500944906,1.00221109960088,4.88310756728386,3.81819280697712,0.935342168478958,4.1951764088081,0.000547999460257121,0.0214613385306923,0.132655299288007,0,0,"ALDEx2",0.132655299288007,4.1951764088081,TRUE,"Bacteria","Bacteroidota","Bacteroidia","Flavobacteriales","Flavobacteriaceae","Dokdonia",NA
"ASV714",2.29931038700748,3.34248378628128,0.415717677033375,-2.91404433909691,3.12543498875486,-1.0970634249542,0.0390780901701758,0.319607880756559,0.730145649716429,0.2375,0.522012420230739,"ALDEx2",0.730145649716429,-1.0970634249542,FALSE,"Bacteria","Proteobacteria","Gammaproteobacteria","Enterobacterales","Alteromonadaceae","Aliiglaciecola",NA
"ASV795",3.12759397943646,3.41958654646169,-3.10466103812458,-6.6936262355254,2.61935730369408,-2.71891096516173,0.000547999460257121,0.111783221449099,0.407745894864389,0.2,0.4620921592711,"ALDEx2",0.407745894864389,-2.71891096516173,FALSE,"Bacteria","Bacteroidota","Bacteroidia","Cytophagales","Cyclobacteriaceae","Fabibacter",NA
"ASV814",-2.99431867902847,-4.81846958759747,5.07216379887387,9.88105256927831,1.83156186830304,5.25623861633761,0.000547999460257121,0.0174009144461148,0.117978835025581,0,0,"ALDEx2",0.117978835025581,5.25623861633761,TRUE,"Bacteria","Proteobacteria","Gammaproteobacteria","Pseudomonadales","Oleiphilaceae","Oleiphilus",NA
"ASV829",0.0206785811174779,0.643456063782336,-3.45218731394296,-5.17914298444058,3.47255160520614,-1.40180620149375,0.023281977911024,0.147650093326299,0.500064517501833,0.2265625,0.499536171500762,"ALDEx2",0.500064517501833,-1.40180620149375,FALSE,"Bacteria","Proteobacteria","Gammaproteobacteria","Enterobacterales","Colwelliaceae","Thalassotalea",NA
"ASV853",2.31596491126677,2.43058410510389,2.21923737130639,-0.0493374816024841,1.30730496081329,-0.0330745813083297,0.480620252231404,0.815537464619492,0.993899036860476,0.778125,0.990404837718012,"ALDEx2",0.993899036860476,-0.0330745813083297,FALSE,"Bacteria","Proteobacteria","Gammaproteobacteria","Pseudomonadales","Saccharospirillaceae",NA,NA
"ASV855",-3.55670594488236,-5.61338130290937,5.71762657060524,11.321599505268,2.47720250028713,4.9339431969234,0.000547999460257121,0.0172027145266606,0.116339828201179,0,0,"ALDEx2",0.116339828201179,4.9339431969234,TRUE,"Bacteria","Bacteroidota","Bacteroidia","Flavobacteriales","Flavobacteriaceae","Robiginitalea",NA
"ASV861",1.1467497426951,1.6360964564547,-3.13372797220999,-5.38019575193824,2.34828064462112,-2.18826914390094,0.000547999460257121,0.118921736911259,0.435025420744215,0.2,0.4620921592711,"ALDEx2",0.435025420744215,-2.18826914390094,FALSE,"Bacteria","Proteobacteria","Gammaproteobacteria","Enterobacterales","Alteromonadaceae","Aestuariibacter",NA
"ASV882",1.39326035156745,2.15943615080945,-3.10204987846339,-5.07305501684406,2.42358525415834,-2.16362283814986,0.000547999460257121,0.130154292636357,0.44694876141166,0.2,0.4620921592711,"ALDEx2",0.44694876141166,-2.16362283814986,FALSE,"Bacteria","Bacteroidota","Bacteroidia","Flavobacteriales","Flavobacteriaceae","Dokdonia",NA
"ASV889",1.88189195323526,-3.91482076475937,2.22414926297974,6.29400652143361,5.54885437147716,0.854422357570145,0.304688672248721,0.268840716899042,0.754336958069245,0.392187499999999,0.978058823225258,"ALDEx2",0.754336958069245,0.854422357570145,FALSE,"Bacteria","Proteobacteria","Gammaproteobacteria","Pseudomonadales","Oleiphilaceae","Oleiphilus",NA
"ASV890",-3.22626981565109,-5.64378876421572,5.8202458774771,11.3965437881141,2.72825355850297,4.48700623058195,0.000547999460257121,0.019555021137894,0.124437907948211,0,0,"ALDEx2",0.124437907948211,4.48700623058195,TRUE,"Bacteria","Bacteroidota","Bacteroidia","Flavobacteriales","Flavobacteriaceae","Lutimonas",NA
"ASV901",2.20146133312958,1.45838521687922,4.6897247991475,3.35667466875117,2.36840407285975,2.11500484771686,0.000547999460257121,0.176702786002938,0.537200695065269,0,0,"ALDEx2",0.537200695065269,2.11500484771686,FALSE,"Bacteria","Bacteroidota","Bacteroidia","Flavobacteriales","Flavobacteriaceae","Aurantivirga",NA
"ASV976",1.84593421827313,1.85407724379685,0.800762467013668,-1.23177862455191,3.43317862162142,-0.31540836314467,0.375000678151136,0.589952448650669,0.981078716623145,0.8796875,0.988082336032977,"ALDEx2",0.981078716623145,-0.31540836314467,FALSE,"Bacteria","Proteobacteria","Alphaproteobacteria","Sphingomonadales","Sphingomonadaceae","Erythrobacter",NA
"ASV1014",-3.51153645506935,-5.57615088496688,5.47351688981694,11.3715846585424,2.94295613405554,4.29688815687895,0.000547999460257121,0.020269249940995,0.126161944132336,0,0,"ALDEx2",0.126161944132336,4.29688815687895,TRUE,"Bacteria","Proteobacteria","Gammaproteobacteria","Enterobacterales","Psychromonadaceae","Agarivorans",NA
"ASV1030",1.473890924322,1.94306396738308,-2.95495664414891,-5.13357622333435,2.73721308197881,-1.88034062763093,0.00782930484115282,0.153361558397175,0.470815773183864,0.2015625,0.464874862186781,"ALDEx2",0.470815773183864,-1.88034062763093,FALSE,"Bacteria","Proteobacteria","Gammaproteobacteria","Enterobacterales","Alteromonadaceae","Aliiglaciecola",NA
"ASV1053",-3.59232537131415,-5.70001386164631,6.90229379594137,12.5344295834098,3.04060411289327,4.20782414483331,0.000547999460257121,0.0177745479253932,0.114148328788901,0,0,"ALDEx2",0.114148328788901,4.20782414483331,TRUE,"Bacteria","Proteobacteria","Gammaproteobacteria","Enterobacterales","Vibrionaceae",NA,NA
"ASV1075",-3.3240658609129,-5.7630872252978,5.12702655883803,10.7508127583086,2.87735777511694,3.87189749426544,0.000547999460257121,0.0202720448804111,0.126368559106761,0,0,"ALDEx2",0.126368559106761,3.87189749426544,TRUE,"Bacteria","Proteobacteria","Alphaproteobacteria","Rhodobacterales","Rhodobacteraceae","Ruegeria","conchae"
"ASV1077",-3.33448684523548,-5.77907263031887,5.15760884993525,11.1618536700542,2.85756011386914,4.11778296542013,0.000547999460257121,0.0228190236063251,0.1326130784222,0,0,"ALDEx2",0.1326130784222,4.11778296542013,TRUE,"Bacteria","Verrucomicrobiota","Lentisphaeria","Lentisphaerales","Lentisphaeraceae","Lentisphaera",NA
"ASV1133",3.54170579940251,3.20779925844652,3.99314875925467,0.837722278379593,0.835161216022397,1.06421275249274,0.0781324454049968,0.239450498389957,0.669697189966006,0.0859375,0.215124897428449,"ALDEx2",0.669697189966006,1.06421275249274,FALSE,"Bacteria","Bacteroidota","Bacteroidia","Flavobacteriales","Flavobacteriaceae","Aurantivirga",NA
"ASV1179",1.95831699676447,1.54599419722604,3.96664571229176,2.55595081394004,0.647499038402799,3.84807515676896,0.000547999460257121,0.0251912379360405,0.142505475131191,0,0,"ALDEx2",0.142505475131191,3.84807515676896,TRUE,"Bacteria","Bacteroidota","Bacteroidia","Flavobacteriales","Flavobacteriaceae","Aquimarina",NA
"ASV1191",-3.29888232315767,-5.43020801010568,5.21568465679855,10.5810086570946,2.91005332506534,3.94870754121854,0.000547999460257121,0.0222415982904963,0.132629006179351,0,0,"ALDEx2",0.132629006179351,3.94870754121854,TRUE,"Bacteria","Bacteroidota","Bacteroidia","Flavobacteriales","Flavobacteriaceae","Lutimonas",NA
"ASV1194",0.0712333137631269,2.94831636937385,-2.93999229977956,-5.56427414441463,3.18095375164636,-1.80936943717677,0.023281977911024,0.12532924941055,0.462370522846727,0.2234375,0.501069122986927,"ALDEx2",0.462370522846727,-1.80936943717677,FALSE,"Bacteria","Bacteroidota","Bacteroidia","Flavobacteriales","Flavobacteriaceae",NA,NA
"ASV1218",2.05984998859529,2.55843204686594,1.64326381309989,-0.764278323515061,1.36715234939821,-0.361714057210376,0.359375776672656,0.768515426543222,0.968456086321805,0.817187499999998,0.997471668956044,"ALDEx2",0.968456086321805,-0.361714057210376,FALSE,"Bacteria","Bacteroidota","Bacteroidia","Flavobacteriales","Flavobacteriaceae","Aureicoccus","marinus"
"ASV1232",-2.08197810151168,2.1845337700362,-3.74145199986253,-5.24758721287959,5.68465842146878,-0.75776151673465,0.218752092515224,0.435778657853453,0.792794914867102,0.626562499999999,0.888393962885818,"ALDEx2",0.792794914867102,-0.75776151673465,FALSE,"Bacteria","Bacteroidota","Bacteroidia","Flavobacteriales","Flavobacteriaceae",NA,NA
"ASV1233",2.24229417012098,2.71361028102717,-3.6408236989845,-6.39964945975045,2.40402759103856,-2.69157074766765,0.000547999460257121,0.120780921856755,0.421931656441514,0.2,0.4620921592711,"ALDEx2",0.421931656441514,-2.69157074766765,FALSE,"Bacteria","Proteobacteria","Gammaproteobacteria","Enterobacterales","Alteromonadaceae",NA,NA
"ASV1244",-3.4283824615595,-5.59029472971855,5.31890319267254,10.9866021449187,2.55079546353806,4.30560371446765,0.000547999460257121,0.0211707572130358,0.129509925498251,0,0,"ALDEx2",0.129509925498251,4.30560371446765,TRUE,"Bacteria","Proteobacteria","Alphaproteobacteria","Rhodobacterales","Rhodobacteraceae",NA,NA
"ASV1253",2.3869121912713,2.74297451319547,-3.01375811126462,-5.77912064795092,2.36376974050235,-2.3924888547199,0.000547999460257121,0.13893184950584,0.466865461674847,0.2,0.4620921592711,"ALDEx2",0.466865461674847,-2.3924888547199,FALSE,"Bacteria","Proteobacteria","Gammaproteobacteria","Arenicellales","Arenicellaceae","Arenicella",NA
"ASV1282",-3.29273822528453,-5.43693161512365,4.9003217317278,10.3707838880277,2.84869914224285,4.01120587542879,0.000547999460257121,0.0183101069340964,0.121939018300485,0,0,"ALDEx2",0.121939018300485,4.01120587542879,TRUE,"Bacteria","Bacteroidota","Bacteroidia","Flavobacteriales","Flavobacteriaceae","Aurantivirga",NA
"ASV1328",1.07014497767901,1.72514040479773,-2.74818251323646,-5.25347847677594,2.65131463096385,-2.01591828191834,0.00782930484115282,0.124936218012252,0.457594712055915,0.20625,0.472786998604032,"ALDEx2",0.457594712055915,-2.01591828191834,FALSE,"Bacteria","Proteobacteria","Alphaproteobacteria","Rhodobacterales","Rhodobacteraceae",NA,NA
"ASV1334",1.3827942957705,1.78854761121852,-2.95057811205983,-5.0616581346086,2.48431196988021,-1.91947463556855,0.00782930484115282,0.149535477444729,0.453542914535846,0.20625,0.468425972774699,"ALDEx2",0.453542914535846,-1.91947463556855,FALSE,"Bacteria","Proteobacteria","Gammaproteobacteria","Pseudomonadales","Spongiibacteraceae","Dasania",NA
"ASV1415",2.07274460138341,2.1674259561185,1.94337598061426,-0.427803190143881,1.03634914182344,-0.433405979311617,0.312501109694578,0.564482780986312,0.872741057391599,0.7296875,0.899419395484752,"ALDEx2",0.872741057391599,-0.433405979311617,FALSE,"Bacteria","Proteobacteria","Alphaproteobacteria","Rhodobacterales","Rhodobacteraceae","Yoonia-Loktanella",NA
"ASV1456",-3.43304803885835,-5.52467889407546,5.63180454910882,11.183123113105,2.86721402083593,4.17807578762038,0.000547999460257121,0.0191609814228599,0.124423064355444,0,0,"ALDEx2",0.124423064355444,4.17807578762038,TRUE,"Bacteria","Proteobacteria","Gammaproteobacteria","Enterobacterales","Vibrionaceae","Vibrio",NA
"ASV1498",0.77790726344371,1.97248782276171,-3.11637051073028,-4.96847413791281,2.59119050612782,-1.80851121399324,0.00782930484115282,0.15025313805395,0.476978935199187,0.2046875,0.470508271693118,"ALDEx2",0.476978935199187,-1.80851121399324,FALSE,"Bacteria","Proteobacteria","Gammaproteobacteria","Pseudomonadales","Marinobacteraceae","Marinobacter","guineae"
"ASV1510",1.78246757795875,2.14171691256402,-3.13710273300424,-5.38398994479666,2.32694220427013,-2.30891052746179,0.000547999460257121,0.127571207428756,0.432985741705989,0.2,0.4620921592711,"ALDEx2",0.432985741705989,-2.30891052746179,FALSE,"Bacteria","Proteobacteria","Alphaproteobacteria","Rhodobacterales","Rhodobacteraceae","Yoonia-Loktanella",NA
"ASV1526",-3.23554128125669,-5.63750019514469,5.37954811626898,11.015154556924,3.02547890299956,3.52634348519931,0.000547999460257121,0.0223106108722371,0.133781377930805,0,0,"ALDEx2",0.133781377930805,3.52634348519931,TRUE,"Bacteria","Planctomycetota","Planctomycetes","Pirellulales","Pirellulaceae","Rhodopirellula",NA
"ASV1575",1.10475598991857,-0.11149414906703,5.51843023297189,5.65888211776864,2.4950815474649,2.78393241631683,0.000547999460257121,0.0871731765618113,0.311689524636284,0,0,"ALDEx2",0.311689524636284,2.78393241631683,FALSE,"Bacteria","Bacteroidota","Bacteroidia","Flavobacteriales","Flavobacteriaceae","Croceitalea",NA
"ASV1641",-0.698253970046094,-3.82127789738567,4.82709190170238,8.79880478820702,3.67265911872917,2.42274210312994,0.000547999460257121,0.0449022635581546,0.20113323628381,0,0,"ALDEx2",0.20113323628381,2.42274210312994,TRUE,"Bacteria","Proteobacteria","Alphaproteobacteria","Caulobacterales","Hyphomonadaceae","Litorimonas",NA
"ASV1698",-3.30632324963552,-5.80567938135312,5.44561945722515,11.4032946407059,2.80373233351622,3.99125584667461,0.000547999460257121,0.0206342277773035,0.130983303190668,0,0,"ALDEx2",0.130983303190668,3.99125584667461,TRUE,"Bacteria","Bacteroidota","Bacteroidia","Flavobacteriales","Flavobacteriaceae","Croceitalea","litorea"
"ASV1733",1.6072384223099,2.26022395714198,-3.27925265949203,-5.50699956212062,2.49743185219008,-2.18652014894575,0.000547999460257121,0.134433064800656,0.44835216890095,0.2,0.4620921592711,"ALDEx2",0.44835216890095,-2.18652014894575,FALSE,"Bacteria","Proteobacteria","Alphaproteobacteria","Rhodobacterales","Rhodobacteraceae","Tateyamaria",NA
"ASV1794",-3.39044199771058,-5.5788947565704,4.88056085427135,10.4659231792603,3.4984433698894,2.81535236947779,0.000547999460257121,0.0459724476523087,0.204167592312885,0,0,"ALDEx2",0.204167592312885,2.81535236947779,TRUE,"Bacteria","Proteobacteria","Gammaproteobacteria","Enterobacterales","Vibrionaceae","Vibrio",NA
"ASV1836",-1.49912554509942,2.40850898049964,-3.10209822456508,-4.96081081868476,5.03978885392883,-0.87724952679816,0.210939708203646,0.37540271714279,0.7379800267841,0.546874999999999,0.843485024075075,"ALDEx2",0.7379800267841,-0.87724952679816,FALSE,"Bacteria","Proteobacteria","Gammaproteobacteria","Pseudomonadales","Alcanivoracaceae1","Alcanivorax",NA
"ASV1892",2.29076373475968,2.01277412678537,2.78054737209366,0.993508099249395,1.41234222814781,0.820732371867335,0.108532196382724,0.275284675235857,0.707240833119623,0.146875,0.332728759259553,"ALDEx2",0.707240833119623,0.820732371867335,FALSE,"Bacteria","Proteobacteria","Alphaproteobacteria","Caulobacterales","Hyphomonadaceae",NA,NA
"ASV1955",-3.53802723406204,-5.68178187745831,5.32763565407989,11.1393398365473,2.81407050651798,4.09877809584046,0.000547999460257121,0.0175452575339458,0.115563344764356,0,0,"ALDEx2",0.115563344764356,4.09877809584046,TRUE,"Bacteria","Proteobacteria","Alphaproteobacteria","Rhodobacterales","Rhodobacteraceae",NA,NA
"ASV2122",-3.32625216701872,-5.25583896694416,5.35833868885121,10.6896263909264,2.97197296175593,3.75213443344168,0.000547999460257121,0.0236613517735526,0.135907881845656,0,0,"ALDEx2",0.135907881845656,3.75213443344168,TRUE,"Bacteria","Proteobacteria","Alphaproteobacteria","Rhodobacterales","Rhodobacteraceae","Yoonia-Loktanella",NA
"ASV2303",-1.9039782520521,2.68634760358165,-3.4240001880702,-4.95712614907746,6.18877142425475,-0.807127215959707,0.240311858279588,0.41893033393401,0.790886104289044,0.609374999999999,0.889390357098313,"ALDEx2",0.790886104289044,-0.807127215959707,FALSE,"Bacteria","Bacteroidota","Bacteroidia","Flavobacteriales","Flavobacteriaceae","Winogradskyella",NA
"ASV2305",-3.31554690015591,-5.61727046598398,5.57811629994729,11.0908569421129,2.6513336259455,4.34730246188885,0.000547999460257121,0.018724420542271,0.119777627466613,0,0,"ALDEx2",0.119777627466613,4.34730246188885,TRUE,"Bacteria","Bacteroidota","Bacteroidia","Flavobacteriales","Flavobacteriaceae","Tenacibaculum","dicentrarchi"
"ASV2656",0.266764374661348,2.0494183030679,-3.21069703839015,-5.1072594271657,2.99160618317341,-1.53856524367986,0.023281977911024,0.152832276578062,0.492775421463056,0.2234375,0.502518292764268,"ALDEx2",0.492775421463056,-1.53856524367986,FALSE,"Bacteria","Bacteroidota","Bacteroidia","Flavobacteriales","Flavobacteriaceae",NA,NA
"ASV3131",-1.64444336850109,2.41916860280309,-3.20402454735285,-4.24054364185824,5.80496350936209,-0.679932800451164,0.281251375942352,0.492133062362848,0.834620462774367,0.635937499999999,0.902704527763188,"ALDEx2",0.834620462774367,-0.679932800451164,FALSE,"Bacteria","Bacteroidota","Bacteroidia","Flavobacteriales","Flavobacteriaceae","Tenacibaculum",NA
