"TaxaID","rab.all","rab.win.control","rab.win.pollution_cruise","diff.btw","diff.win","effect","overlap","we.ep","we.eBH","wi.ep","wi.eBH","method","adjusted_p_value","score","significant","Kingdom","Phylum","Class","Order","Family","Genus","Species"
"ASV1",6.28704404964001,7.18756431593308,6.03008562927738,-0.972122689450112,1.02183809983051,-0.800002983852224,0.207254882531613,0.196558956275373,0.52254749376919,0.192329545454545,0.567030035591119,"ALDEx2",0.52254749376919,-0.800002983852224,FALSE,"Bacteria","Proteobacteria","Alphaproteobacteria","SAR11 clade","Clade I","Clade Ia",NA
"ASV2",3.2328043090619,3.99421192089139,-0.180707499572654,-4.03477996591752,4.42554423616806,-0.72104120998199,0.244792446817752,0.0415656084266594,0.151252592727259,0.219412878787879,0.642815581931087,"ALDEx2",0.151252592727259,-0.72104120998199,TRUE,"Bacteria","Cyanobacteria","Cyanobacteriia","Synechococcales","Cyanobiaceae","Prochlorococcus MIT9313","marinus"
"ASV3",5.6167877287012,6.07728552201873,5.01788992696825,-1.06217381939818,1.25214074123419,-0.734084596424461,0.223959230903001,0.119318824960263,0.35566338579164,0.204545454545454,0.593995056917787,"ALDEx2",0.35566338579164,-0.734084596424461,FALSE,"Bacteria","Proteobacteria","Alphaproteobacteria","SAR11 clade","Clade I","Clade Ia",NA
"ASV4",6.50986141991093,6.12931694833133,6.61694240784759,-0.115694321943118,1.37170409493091,-0.0959402860249107,0.453125106902353,0.798373455712993,0.998922746056973,0.904261363636364,1,"ALDEx2",0.998922746056973,-0.0959402860249107,FALSE,"Bacteria","Cyanobacteria","Cyanobacteriia","Synechococcales","Cyanobiaceae","Synechococcus CC9902",NA
"ASV5",5.89268001093498,6.09595766995563,5.64049994393866,-0.485011314178771,1.13163404195434,-0.353976704871994,0.316062652070532,0.478081238324324,0.902888488876269,0.497111742424243,0.919986661567553,"ALDEx2",0.902888488876269,-0.353976704871994,FALSE,"Bacteria","Proteobacteria","Alphaproteobacteria","SAR11 clade","Clade II",NA,NA
"ASV6",5.76064160560789,5.99927289926379,5.57562265542085,-0.55503485221278,4.21987748910985,-0.146743212747064,0.338542074137571,0.0918142235419828,0.293544627921047,0.40501893939394,0.876533124618507,"ALDEx2",0.293544627921047,-0.146743212747064,FALSE,"Bacteria","Proteobacteria","Alphaproteobacteria","SAR11 clade","Clade I","Clade Ia",NA
"ASV9",-0.491924599086773,1.98804954171487,-1.18704080113649,-2.00703431057736,6.17747547594555,-0.248123036611134,0.406250219647385,0.64649516395733,0.934369546900144,0.661979166666667,0.969200785516328,"ALDEx2",0.934369546900144,-0.248123036611134,FALSE,"Bacteria","Proteobacteria","Gammaproteobacteria","Enterobacterales","Alteromonadaceae","Glaciecola",NA
"ASV13",4.56567531960015,5.19503374536527,4.11570240022654,-1.12737627114616,4.17614094228213,-0.277783394099568,0.274612031782545,0.0918418286911394,0.292384125177158,0.327935606060606,0.800278632110164,"ALDEx2",0.292384125177158,-0.277783394099568,FALSE,"Bacteria","Proteobacteria","Alphaproteobacteria","SAR11 clade","Clade I","Clade Ib",NA
"ASV20",4.18247291643584,4.80976417675434,3.93213724088179,-0.904079136047884,1.11654573851917,-0.51702152775459,0.170985754107053,0.103655635653493,0.32063274275072,0.141666666666667,0.426772139980502,"ALDEx2",0.32063274275072,-0.51702152775459,FALSE,"Bacteria","Proteobacteria","Alphaproteobacteria","SAR11 clade","Clade I","Clade Ia",NA
"ASV21",2.81888038279429,3.29827519955743,-0.567411930002224,-4.19014174689611,4.58969559111816,-0.695035080186419,0.341969304696059,0.0875465936821087,0.280684690624166,0.590530303030303,0.996181873508623,"ALDEx2",0.280684690624166,-0.695035080186419,FALSE,"Bacteria","Proteobacteria","Alphaproteobacteria","Rhodospirillales","AEGEAN-169 marine group",NA,NA
"ASV23",4.65853174122694,-3.96815608970846,6.42517847738688,9.93154266647632,2.76497262887561,3.28285915945172,0.000365399848804012,0.0215777467516359,0.147369785667243,0,0,"ALDEx2",0.147369785667243,3.28285915945172,TRUE,"Bacteria","Proteobacteria","Alphaproteobacteria","Sphingomonadales","Sphingomonadaceae","Sphingobium",NA
"ASV24",-0.848763655352671,5.61929668372637,-2.16774867985891,-8.98987067523133,3.32439307073928,-2.95494205806614,0.000365399848804012,0.00219632913097971,0.0143955918425573,0.0121212121212121,0.0714587725053998,"ALDEx2",0.0143955918425573,-2.95494205806614,TRUE,"Bacteria","Proteobacteria","Alphaproteobacteria","Rhodobacterales","Rhodobacteraceae","Pseudophaeobacter",NA
"ASV27",0.305035344754626,4.28628493125098,-1.3628443789569,-6.57566327203037,4.6342455367074,-1.28688104525728,0.0833364154379065,0.0179341779338211,0.0742053363402386,0.050284090909091,0.208612935541325,"ALDEx2",0.0742053363402386,-1.28688104525728,TRUE,"Bacteria","Proteobacteria","Gammaproteobacteria","Pseudomonadales","Saccharospirillaceae","Oceaniserpentilla",NA
"ASV30",-1.62180127583286,4.92876159745919,-2.23767891351204,-5.75732664740318,5.56598336111728,-0.9419487909947,0.182292871160296,0.220577915978561,0.528115567790007,0.198200757575757,0.539901858512606,"ALDEx2",0.528115567790007,-0.9419487909947,FALSE,"Bacteria","Proteobacteria","Alphaproteobacteria","SAR11 clade","Clade II",NA,NA
"ASV31",-0.386263571806222,-4.08675182436126,1.97351394292973,5.71380714127491,5.46520573129458,0.98965991983387,0.114585480082425,0.0733863605231335,0.30718769541739,0.0834280303030303,0.286362409597504,"ALDEx2",0.30718769541739,0.98965991983387,FALSE,"Bacteria","Proteobacteria","Alphaproteobacteria","Caulobacterales","Caulobacteraceae","Brevundimonas",NA
"ASV34",3.91549133589713,4.27049242572199,2.59959652370665,-3.05564217901065,4.30650937517606,-0.589576021124642,0.217617507910972,0.0494331064236648,0.175745423584515,0.27092803030303,0.688499974696988,"ALDEx2",0.175745423584515,-0.589576021124642,TRUE,"Bacteria","Proteobacteria","Alphaproteobacteria","SAR11 clade","Clade IV",NA,NA
"ASV35",6.10133057744005,-4.06152879443213,7.72189068018596,11.6917635657569,4.67082381380707,2.28350957438835,0.0414572280738825,0.00954444611894927,0.0881797843046837,0.0113636363636364,0.0752333543785039,"ALDEx2",0.0881797843046837,2.28350957438835,TRUE,"Bacteria","Bacteroidota","Bacteroidia","Flavobacteriales","Crocinitomicaceae","Fluviicola",NA
"ASV37",4.19164453477086,3.99504284429048,4.82877487917876,0.824563307833451,3.57964352716853,0.139543556958195,0.393782632277474,0.436954157161586,0.904743192414434,0.554640151515153,1,"ALDEx2",0.904743192414434,0.139543556958195,FALSE,"Bacteria","Cyanobacteria","Cyanobacteriia","Synechococcales","Cyanobiaceae","Synechococcus CC9902",NA
"ASV39",3.62371024948949,3.75109812489509,3.24737848649416,-0.503416176001138,3.30441576543093,-0.134351459058934,0.404145300346379,0.212935701701142,0.564908413057489,0.713683712121212,0.97901051551741,"ALDEx2",0.564908413057489,-0.134351459058934,FALSE,"Bacteria","Actinobacteriota","Acidimicrobiia","Actinomarinales","Actinomarinaceae","Candidatus Actinomarina",NA
"ASV40",-1.19418831989215,3.00741480461094,-1.86539534145191,-3.80194493669447,6.35635307038858,-0.562529509423228,0.296875549929299,0.386827688913095,0.71303173795968,0.435132575757576,0.825809413007844,"ALDEx2",0.71303173795968,-0.562529509423228,FALSE,"Bacteria","Proteobacteria","Alphaproteobacteria","SAR11 clade","Clade I","Clade Ib",NA
"ASV42",-1.21040727688777,2.56165526277885,-2.3725500739718,-5.60873736093669,3.02423341714215,-1.69881955575505,0.0052604506079491,0.00631094624576208,0.0313418006662014,0.0133522727272728,0.0763618669955144,"ALDEx2",0.0313418006662014,-1.69881955575505,TRUE,"Bacteria","Proteobacteria","Gammaproteobacteria","Pseudomonadales","Marinomonadaceae","Marinomonas",NA
"ASV43",3.46378477831793,2.68062781318163,4.24153827353391,1.61093508867243,6.71004179432958,0.23799414751555,0.31088132274071,0.612819251985975,0.994102413962655,0.31751893939394,0.766743947957077,"ALDEx2",0.994102413962655,0.23799414751555,FALSE,"Bacteria","Proteobacteria","Gammaproteobacteria","Enterobacterales","Pseudoalteromonadaceae","Pseudoalteromonas",NA
"ASV45",4.25778025242475,4.32399311195034,2.89735924277638,-2.16543811014781,4.68778733835158,-0.280301873971267,0.461139983838242,0.12386362404576,0.369483155768002,0.851089015151516,1,"ALDEx2",0.369483155768002,-0.280301873971267,FALSE,"Bacteria","Proteobacteria","Alphaproteobacteria","SAR11 clade","Clade I","Clade Ib",NA
"ASV47",-1.14150549048588,4.09314052340077,-1.64908792028701,-4.4254083964628,6.44144199759988,-0.600326144893548,0.264249382845496,0.351207022275005,0.6781033731634,0.320833333333333,0.732946123930232,"ALDEx2",0.6781033731634,-0.600326144893548,FALSE,"Bacteria","Proteobacteria","Alphaproteobacteria","SAR11 clade","Clade I","Clade Ib",NA
"ASV49",0.538258673336128,5.79058906277342,-1.05052642097185,-7.46259387599028,4.21432730371496,-1.53212630516355,0.109377266019354,0.0121409873647281,0.0544313748487245,0.0760416666666667,0.274661694805001,"ALDEx2",0.0544313748487245,-1.53212630516355,TRUE,"Bacteria","Proteobacteria","Gammaproteobacteria","Enterobacterales","Colwelliaceae","Colwellia",NA
"ASV50",-0.417156867189387,2.94920904958557,-1.79030007709787,-5.79042130059337,4.56941907886757,-0.970751835364074,0.12435426095506,0.0392619558326329,0.142985061505098,0.0859848484848483,0.302426226763243,"ALDEx2",0.142985061505098,-0.970751835364074,TRUE,"Bacteria","Proteobacteria","Alphaproteobacteria","Rhodobacterales","Rhodobacteraceae","Pseudophaeobacter",NA
"ASV51",-1.07467962253107,3.92411260871358,-2.37154452056384,-6.26209932679498,2.81772828413686,-2.26297612423822,0.000365399848804012,0.000790223466102611,0.00649078417476394,0.0121212121212121,0.0714587725053998,"ALDEx2",0.00649078417476394,-2.26297612423822,TRUE,"Bacteria","Proteobacteria","Alphaproteobacteria","SAR11 clade","Clade I","Clade Ib",NA
"ASV52",5.11615648194067,-3.95347672114151,5.7797661322348,9.53513456116785,2.99302300650756,3.16924132170072,0.000365399848804012,0.0159043304387862,0.129374171152953,0,0,"ALDEx2",0.129374171152953,3.16924132170072,TRUE,"Bacteria","Proteobacteria","Gammaproteobacteria","Pseudomonadales","Pseudomonadaceae","Pseudomonas",NA
"ASV53",-0.372957270228013,4.57444740366034,-1.74071950645789,-7.32815858008678,4.69986186345754,-1.43887779938174,0.093752701946487,0.0230316835946934,0.0916237929999435,0.0649621212121213,0.245357586561565,"ALDEx2",0.0916237929999435,-1.43887779938174,TRUE,"Bacteria","Proteobacteria","Gammaproteobacteria","Enterobacterales","Colwelliaceae","Colwellia",NA
"ASV56",0.577995338829117,4.41533057806912,-1.08366721118167,-5.25019717724166,4.15058254022715,-1.12569976486773,0.0989608748927561,0.0184905093671052,0.0755233157960818,0.0731060606060607,0.268479422640856,"ALDEx2",0.0755233157960818,-1.12569976486773,TRUE,"Archaea","Crenarchaeota","Nitrososphaeria","Nitrosopumilales","Nitrosopumilaceae","Candidatus Nitrosopelagicus",NA
"ASV60",0.180891269787351,-1.9628946647481,2.0888120697992,2.0332715083708,5.81769901068934,0.409857712690014,0.307292178288741,0.51265696324667,0.957554666803388,0.327320075757576,0.724959140602451,"ALDEx2",0.957554666803388,0.409857712690014,FALSE,"Bacteria","Marinimicrobia (SAR406 clade)",NA,NA,NA,NA,NA
"ASV62",4.01096698668388,3.48532203806081,4.34689894165422,1.82921357143048,3.67591480703046,0.385683283566252,0.322917124382044,0.466355580809571,0.939709757813982,0.360132575757576,0.829182017530849,"ALDEx2",0.939709757813982,0.385683283566252,FALSE,"Bacteria","Verrucomicrobiota","Verrucomicrobiae","Opitutales","Puniceicoccaceae","Lentimonas",NA
"ASV64",4.29454980600384,2.05640813490013,4.75101434290398,1.17766327181696,3.40796270267,0.310363112926207,0.364583663678488,0.798395051690466,0.997699450944391,0.387594696969697,0.89210337134315,"ALDEx2",0.997699450944391,0.310363112926207,FALSE,"Bacteria","Planctomycetota","Planctomycetes","Pirellulales","Pirellulaceae",NA,NA
"ASV66",2.34725804689887,4.82864989266912,-0.456167344882487,-4.56307056732855,4.70980645723267,-0.76136036851271,0.29533733758434,0.0841025371579847,0.269684829371729,0.37310606060606,0.962774786724943,"ALDEx2",0.269684829371729,-0.76136036851271,FALSE,"Bacteria","Proteobacteria","Gammaproteobacteria","Enterobacterales","Vibrionaceae","Vibrio",NA
"ASV68",-0.390879198075866,-4.17045051801459,3.37108456462389,6.86385805227348,5.6678507874844,1.08420417339996,0.160623169477903,0.0696682090142519,0.293205051961848,0.0810606060606061,0.281233193555904,"ALDEx2",0.293205051961848,1.08420417339996,FALSE,"Bacteria","Proteobacteria","Gammaproteobacteria","Pseudomonadales","Halomonadaceae","Halomonas",NA
"ASV71",3.16679633841366,1.64799815363134,4.58200337899138,2.49406680044557,5.79590830090769,0.436599373296649,0.29166723654711,0.41753572157388,0.936311763239918,0.193939393939394,0.55852601660045,"ALDEx2",0.936311763239918,0.436599373296649,FALSE,"Bacteria","Proteobacteria","Gammaproteobacteria","Pseudomonadales","SAR86 clade",NA,NA
"ASV72",-0.552975953185847,3.25827203819348,-1.15261821241797,-2.54105345061292,5.84298785603898,-0.490411942404575,0.259068059517974,0.403391805163842,0.742734060710322,0.315625,0.740550457839182,"ALDEx2",0.742734060710322,-0.490411942404575,FALSE,"Bacteria","Proteobacteria","Alphaproteobacteria","Puniceispirillales","SAR116 clade",NA,NA
"ASV74",-1.2752907209752,3.35282346448866,-1.76594106131108,-4.2468976964151,6.67726483909288,-0.504218060757816,0.333333757183061,0.506051673739538,0.85940530986441,0.568181818181819,0.944055626232556,"ALDEx2",0.85940530986441,-0.504218060757816,FALSE,"Bacteria","Proteobacteria","Alphaproteobacteria","SAR11 clade","Clade I","Clade Ib",NA
"ASV76",-0.22523688372871,7.2889460736602,-1.52651931102615,-9.17251371758351,3.33947595942916,-2.65452836473762,0.000365399848804012,0.000498430110767112,0.0055720638003883,0.0121212121212121,0.0714587725053998,"ALDEx2",0.0055720638003883,-2.65452836473762,TRUE,"Bacteria","Proteobacteria","Gammaproteobacteria","Enterobacterales","Colwelliaceae","Colwellia",NA
"ASV77",5.66154213827184,-3.9962481899689,6.26129456759373,10.1536553070144,2.50515475126141,3.99463836724729,0.000365399848804012,0.0202983182412062,0.153758732093897,0,0,"ALDEx2",0.153758732093897,3.99463836724729,TRUE,"Bacteria","Proteobacteria","Alphaproteobacteria","Sphingomonadales","Sphingomonadaceae","Erythrobacter",NA
"ASV81",-0.32568077608356,4.06565814212275,-1.71560353008062,-6.34112279426198,3.75544020294216,-1.55851098337409,0.093752701946487,0.008100742921684,0.0390044205206373,0.0463068181818183,0.198810272778159,"ALDEx2",0.0390044205206373,-1.55851098337409,TRUE,"Bacteria","Proteobacteria","Alphaproteobacteria","Rhodobacterales","Rhodobacteraceae","Pseudophaeobacter",NA
"ASV85",2.51409910298273,2.60039143052633,2.155140893328,-0.0786170410902995,2.93624652723989,-0.0238138535450405,0.484375035355462,0.25830537949214,0.62606620929262,0.858617424242425,0.997160048559501,"ALDEx2",0.62606620929262,-0.0238138535450405,FALSE,"Bacteria","Proteobacteria","Gammaproteobacteria","Pseudomonadales","SAR86 clade",NA,NA
"ASV89",0.0382399757585592,-4.11512336012846,3.45671498182568,7.3496476350095,5.82862123142436,1.16969763781072,0.0932669384237902,0.0595770583039455,0.263227212369048,0.0707386363636364,0.250675346261348,"ALDEx2",0.263227212369048,1.16969763781072,FALSE,"Bacteria","Bacteroidota","Bacteroidia","Flavobacteriales","NS9 marine group",NA,NA
"ASV92",4.06269204739138,4.31024819672763,3.75931750926523,-0.0966989578445725,3.49857871683764,-0.0342622327830656,0.484375035355462,0.76819727382143,0.997072443922094,0.870123106060607,0.999159564393939,"ALDEx2",0.997072443922094,-0.0342622327830656,FALSE,"Bacteria","Verrucomicrobiota","Verrucomicrobiae","Opitutales","Puniceicoccaceae","Coraliomargarita",NA
"ASV93",-2.29340256158642,-4.24428402560962,-1.41735595591498,3.5054208519062,5.51269518494498,0.556723874633221,0.244792446817752,0.257666297016126,0.63674840586879,0.268276515151515,0.573845513410702,"ALDEx2",0.63674840586879,0.556723874633221,FALSE,"Bacteria","Proteobacteria","Alphaproteobacteria","Puniceispirillales","SAR116 clade",NA,NA
"ASV94",-1.86843379092991,-4.32919069527778,-0.57458654984435,4.4064343547346,5.40432092627315,0.780171654603893,0.196892263794227,0.170531900693874,0.491729938763288,0.195785984848485,0.472048620049069,"ALDEx2",0.491729938763288,0.780171654603893,FALSE,"Bacteria","Proteobacteria","Alphaproteobacteria","Puniceispirillales","SAR116 clade",NA,NA
"ASV100",-0.965897489615242,-3.87500246272803,2.07220412429376,5.80209961453789,5.3759753168877,0.938619419974792,0.186529652830392,0.0956796889726843,0.33808980735824,0.109469696969697,0.338403970670773,"ALDEx2",0.33808980735824,0.938619419974792,FALSE,"Bacteria","Proteobacteria","Alphaproteobacteria","Rhizobiales","Hyphomicrobiaceae","Hyphomicrobium",NA
"ASV102",4.66716774443712,-2.41628402642394,6.3298554995912,7.59958650916048,6.46434330504818,1.19149382722108,0.12435426095506,0.0795833261471996,0.337611083510057,0.0674242424242424,0.275454946795453,"ALDEx2",0.337611083510057,1.19149382722108,FALSE,"Bacteria","Bacteroidota","Bacteroidia","Flavobacteriales","NS9 marine group",NA,NA
"ASV104",-0.00438842147225316,-2.80813882842373,2.98613511383467,2.00927967649477,7.15833070689432,0.371342792955306,0.29166723654711,0.46562732640495,0.949411304831884,0.253503787878788,0.622378857730296,"ALDEx2",0.949411304831884,0.371342792955306,FALSE,"Bacteria","Bacteroidota","Bacteroidia","Flavobacteriales","Flavobacteriaceae","NS2b marine group",NA
"ASV111",-1.25753905933138,4.60586707722616,-1.7095324985598,-4.98717639706607,7.70853220962911,-0.551945071717364,0.331606642538848,0.460178299643626,0.833676320706952,0.540435606060606,0.948674298758321,"ALDEx2",0.833676320706952,-0.551945071717364,FALSE,"Bacteria","Proteobacteria","Gammaproteobacteria","Pseudomonadales","SAR86 clade",NA,NA
"ASV113",2.12183157004874,2.11309584818697,2.58667126594402,-0.551380229841886,3.84489207307709,-0.103541226727309,0.479166713843149,0.498734841542314,0.90449790355694,0.928172348484849,1,"ALDEx2",0.90449790355694,-0.103541226727309,FALSE,"Bacteria","Cyanobacteria","Cyanobacteriia","Synechococcales","Cyanobiaceae","Cyanobium PCC-6307",NA
"ASV116",-1.80443604062053,-2.55910760660733,-1.67903476953529,-0.242099138405752,8.6778663842666,-0.0316148583293332,0.489583356890848,0.774717999640693,0.978604154260426,0.824431818181818,0.966992277300853,"ALDEx2",0.978604154260426,-0.0316148583293332,FALSE,"Bacteria","Proteobacteria","Alphaproteobacteria","Rhodobacterales","Rhodobacteraceae","Sedimentitalea",NA
"ASV118",2.92470183476172,2.248516318107,3.26031931153746,0.823666594902085,4.65934401894974,0.153055177757271,0.41666686042708,0.842411812921424,0.999572227781828,0.691382575757576,1,"ALDEx2",0.999572227781828,0.153055177757271,FALSE,"Bacteria","Bacteroidota","Bacteroidia","Flavobacteriales","Flavobacteriaceae","NS4 marine group",NA
"ASV120",5.1567575955518,0.466899072450425,6.74198237991272,6.23687540152343,4.24498424074831,1.02587025426899,0.196892263794227,0.0840241366017925,0.346044674822758,0.119507575757576,0.397986198303018,"ALDEx2",0.346044674822758,1.02587025426899,FALSE,"Bacteria","Planctomycetota","Planctomycetes","Pirellulales","Pirellulaceae","Rubripirellula",NA
"ASV123",-2.21507842353641,-3.75965761489728,-1.31950461963891,3.11591756844574,6.17517113604769,0.537092855969077,0.243524094720476,0.237411191009634,0.606887427236246,0.282528409090909,0.57677088362386,"ALDEx2",0.606887427236246,0.537092855969077,FALSE,"Bacteria","Bacteroidota","Bacteroidia","Flavobacteriales","Flavobacteriaceae","NS4 marine group",NA
"ASV127",-2.22751113031372,-4.1999865309962,-1.32783313914556,3.07690377139861,5.83404553347584,0.524305809076219,0.238342775047909,0.231576095203698,0.576105957648427,0.277982954545455,0.578054309235962,"ALDEx2",0.576105957648427,0.524305809076219,FALSE,"Bacteria","Proteobacteria","Alphaproteobacteria","Caulobacterales","Hyphomonadaceae","Maricaulis",NA
"ASV132",-2.50108139077807,-3.96325746966223,-1.90317263609564,2.56289266046294,5.63706343322505,0.413797515768126,0.281250611542652,0.366955354647385,0.695474847136173,0.366856060606061,0.624939663156653,"ALDEx2",0.695474847136173,0.413797515768126,FALSE,"Bacteria","Proteobacteria","Alphaproteobacteria","Caulobacterales","Caulobacteraceae","Brevundimonas","aurantiaca"
"ASV136",-1.61674711539352,-3.8993679670453,-0.461423805798725,4.80783162488082,5.3799185681951,0.754382654992747,0.212436194453191,0.156470994100998,0.473938110715682,0.198484848484848,0.470290758955678,"ALDEx2",0.473938110715682,0.754382654992747,FALSE,"Bacteria","Proteobacteria","Gammaproteobacteria","Pseudomonadales","KI89A clade",NA,NA
"ASV138",4.10622305837238,-3.7850802456417,5.29495257926591,8.5814046800177,5.04912765633805,1.41788518572972,0.088085769342426,0.0247623450383589,0.159125275093225,0.0431818181818182,0.187997268407262,"ALDEx2",0.159125275093225,1.41788518572972,TRUE,"Bacteria","Verrucomicrobiota","Verrucomicrobiae","Verrucomicrobiales","DEV007",NA,NA
"ASV141",-0.450041930499956,3.44804901518965,-1.68908224009068,-5.25202351945195,3.23637139527226,-1.431207188931,0.0781283097975943,0.00488012293000877,0.0262506716847525,0.0443181818181819,0.186832674064583,"ALDEx2",0.0262506716847525,-1.431207188931,TRUE,"Bacteria","Cyanobacteria","Cyanobacteriia","Synechococcales","Cyanobiaceae","Synechococcus CC9902",NA
"ASV160",3.6588470094418,5.22451984217217,1.91629778400899,-3.16164398234493,3.79493605293406,-1.0876420324237,0.00523319582318488,0.015079481437815,0.063872929650997,0.0133522727272727,0.0758930718742347,"ALDEx2",0.063872929650997,-1.0876420324237,TRUE,"Bacteria","Bacteroidota","Bacteroidia","Flavobacteriales","Flavobacteriaceae","Polaribacter","dokdonensis"
"ASV161",-2.5095541208876,-3.77982386993811,-1.91398029185273,2.19543636578786,4.71577581428234,0.350523221897346,0.321243981829087,0.371708603724264,0.754023718411459,0.380918560606061,0.693123277102496,"ALDEx2",0.754023718411459,0.350523221897346,FALSE,"Bacteria","WPS-2",NA,NA,NA,NA,NA
"ASV169",1.85206148739632,1.83497183476743,2.21804753560349,-0.495856329548446,6.15631443910798,-0.0853485325884608,0.466321319211998,0.800041003720547,0.989955141309716,0.840293560606061,1,"ALDEx2",0.989955141309716,-0.0853485325884608,FALSE,"Bacteria","Proteobacteria","Gammaproteobacteria","Enterobacterales","Colwelliaceae","Thalassotalea","eurytherma"
"ASV175",-0.427782103349876,6.05745795522201,-1.68904804740367,-7.89284197915892,3.65935448048944,-2.08485402835293,0.0625042185608261,0.00135077981363236,0.0103227250837772,0.0429924242424243,0.185593302515457,"ALDEx2",0.0103227250837772,-2.08485402835293,TRUE,"Bacteria","Proteobacteria","Gammaproteobacteria","Enterobacterales","Colwelliaceae","Colwellia",NA
"ASV178",2.7173884127199,0.96138641192826,4.56739874833701,3.34819082359918,4.58511002746674,0.621078924941863,0.217617507910972,0.251029671038821,0.679516479469742,0.126893939393939,0.417855098280227,"ALDEx2",0.679516479469742,0.621078924941863,FALSE,"Bacteria","Bacteroidota","Bacteroidia","Flavobacteriales","NS9 marine group",NA,NA
"ASV180",4.50872673324065,4.57132630036582,3.18652044164003,-0.504350531724072,5.18978049648252,-0.148426477845821,0.440414642995582,0.259759296630511,0.658887844069014,0.811505681818182,1,"ALDEx2",0.658887844069014,-0.148426477845821,FALSE,"Bacteria","Proteobacteria","Gammaproteobacteria","Enterobacterales","Pseudoalteromonadaceae","Pseudoalteromonas",NA
"ASV192",3.28642303616567,2.91483449453721,4.13517165274599,1.59038628764224,6.81182493767817,0.246482713101891,0.269430706949312,0.728550618170502,0.999935586040936,0.292992424242424,0.729291060110957,"ALDEx2",0.999935586040936,0.246482713101891,FALSE,"Bacteria","Bacteroidota","Bacteroidia","Flavobacteriales","Flavobacteriaceae","NS2b marine group",NA
"ASV201",0.388170813961631,-3.8645476858631,3.95451636019699,7.42852751993764,4.95302483391322,1.19635040680092,0.104169063671829,0.0500605805894467,0.233036596092167,0.0580492424242424,0.222931400059816,"ALDEx2",0.233036596092167,1.19635040680092,TRUE,"Bacteria","Planctomycetota","OM190",NA,NA,NA,NA
"ASV222",-2.41007514980688,-4.13363523823843,-1.94412362196393,2.34320283896921,4.97371998418609,0.381562044909344,0.300518665469849,0.36793753818689,0.716161773791397,0.375378787878788,0.64259462404868,"ALDEx2",0.716161773791397,0.381562044909344,FALSE,"Bacteria","Proteobacteria","Gammaproteobacteria","Pseudomonadales","Litoricolaceae","Litoricola",NA
"ASV223",-1.11672836533755,5.05725600479783,-2.19069133943546,-7.72246247490554,2.92306746819187,-2.58239180312509,0.000365399848804012,0.000365867864330034,0.00424475010312953,0.0121212121212121,0.0714587725053998,"ALDEx2",0.00424475010312953,-2.58239180312509,TRUE,"Bacteria","Proteobacteria","Gammaproteobacteria","Pseudomonadales","Cellvibrionaceae","Aestuariicella",NA
"ASV236",-0.701453025471458,5.37354313352813,-1.2905614768138,-4.5933739167553,8.13831059817654,-0.501221487017141,0.259068059517974,0.436527809066389,0.862782248112185,0.412689393939394,0.887639768119925,"ALDEx2",0.862782248112185,-0.501221487017141,FALSE,"Bacteria","Bacteroidota","Bacteroidia","Flavobacteriales","Flavobacteriaceae","Aurantivirga",NA
"ASV246",3.89156691223963,-3.92973006137618,4.74693301323894,9.31336299748308,4.79013741216438,1.60311176147313,0.0781283097975943,0.0233471388293044,0.158730056387624,0.0317234848484849,0.146597372464933,"ALDEx2",0.158730056387624,1.60311176147313,TRUE,"Bacteria","Proteobacteria","Gammaproteobacteria","Enterobacterales","Vibrionaceae","Vibrio",NA
"ASV248",-1.17322673582381,3.44826571452731,-1.76711970447488,-3.92223030503539,6.55330348304186,-0.554774364029992,0.326425311992643,0.407623355279015,0.734079595528553,0.467234848484849,0.856806901263321,"ALDEx2",0.734079595528553,-0.554774364029992,FALSE,"Bacteria","Proteobacteria","Gammaproteobacteria","Enterobacterales","Alteromonadaceae","Alteromonas","australica"
"ASV256",-2.28685493884144,-2.31737505671142,-2.28426003296072,-0.928161591490864,6.94373506119207,-0.104148885582648,0.442708464566388,0.656282409344718,0.935285729207772,0.770501893939394,0.946762274168665,"ALDEx2",0.935285729207772,-0.104148885582648,FALSE,"Bacteria","Proteobacteria","Alphaproteobacteria","Rhodobacterales","Rhodobacteraceae","Amylibacter",NA
"ASV257",5.56120944134833,-4.19378061468075,6.02940860284906,10.0168424713136,3.37447353095407,2.70871371077209,0.0310967802974505,0.0123855733903469,0.105762086158524,0.0102272727272727,0.0708282338912097,"ALDEx2",0.105762086158524,2.70871371077209,TRUE,"Bacteria","Proteobacteria","Alphaproteobacteria","Rhodobacterales","Rhodobacteraceae","Ascidiaceihabitans",NA
"ASV281",0.126119255806615,-4.24772043829964,3.95462275401907,7.44174129017721,5.26709835772623,1.27747139357623,0.0989608748927561,0.0490683210665216,0.240589333863068,0.0497159090909091,0.203004642862261,"ALDEx2",0.240589333863068,1.27747139357623,TRUE,"Bacteria","Proteobacteria","Alphaproteobacteria","Rhizobiales","Rhizobiaceae","Aurantimonas",NA
"ASV311",-0.921915740356074,-2.06877391106515,-0.545739862518834,1.73521507430316,6.46617659967869,0.230120848829512,0.373057298378818,0.628475737556177,0.980909157068789,0.508996212121212,0.852921983034001,"ALDEx2",0.980909157068789,0.230120848829512,FALSE,"Bacteria","Bacteroidota","Bacteroidia","Flavobacteriales","Flavobacteriaceae","NS4 marine group",NA
"ASV313",-2.62960522555488,-4.47035094154903,-1.96329587551347,2.65105568855608,5.55288668623144,0.40168572630359,0.29533733758434,0.326223498914532,0.674530733691587,0.33811553030303,0.606615402572858,"ALDEx2",0.674530733691587,0.40168572630359,FALSE,"Bacteria","Verrucomicrobiota","Verrucomicrobiae","Opitutales","Puniceicoccaceae","Coraliomargarita",NA
"ASV318",-2.17475467536423,-3.9686775186374,-1.40780665032514,3.21640425505626,5.89312090759646,0.471158052052336,0.250000753505307,0.266235968265644,0.611468049836452,0.264251893939394,0.564690856968768,"ALDEx2",0.611468049836452,0.471158052052336,FALSE,"Bacteria","Proteobacteria","Alphaproteobacteria","Rhizobiales","Xanthobacteraceae","Xanthobacter",NA
"ASV319",-1.10711647060763,4.90770072166091,-2.22933564994108,-7.67069911261464,2.5670821008715,-2.8813995810636,0.000365399848804012,0.000498126094538492,0.00512503528999289,0.0121212121212121,0.0714587725053998,"ALDEx2",0.00512503528999289,-2.8813995810636,TRUE,"Bacteria","Proteobacteria","Gammaproteobacteria","Pseudomonadales","Saccharospirillaceae","Oleispira",NA
"ASV329",-1.75890926696401,-3.87660836752449,-0.527287831468212,5.04610475738368,5.23402427037491,0.813730083019091,0.207254882531613,0.158697080193027,0.482473608316362,0.182102272727273,0.4587510084017,"ALDEx2",0.482473608316362,0.813730083019091,FALSE,"Bacteria","Proteobacteria","Gammaproteobacteria","Pseudomonadales","Halieaceae","OM60(NOR5) clade",NA
"ASV343",-1.98066007167928,-2.4214033957509,-1.82176928517905,-0.568657891542593,8.6984674953225,-0.061512630821721,0.458333428181143,0.759052510309292,0.9823604725736,0.818323863636364,0.97263339506032,"ALDEx2",0.9823604725736,-0.061512630821721,FALSE,"Bacteria","Proteobacteria","Gammaproteobacteria","Enterobacterales","Colwelliaceae","Colwellia",NA
"ASV346",2.54719049207749,2.577800762424,2.41609397707562,-0.118669819046657,4.47250854598231,-0.0279955077059596,0.489583356890848,0.441092394044943,0.849795803504142,0.93125,1,"ALDEx2",0.849795803504142,-0.0279955077059596,FALSE,"Archaea","Crenarchaeota","Nitrososphaeria","Nitrosopumilales","Nitrosopumilaceae","Candidatus Nitrosopumilus",NA
"ASV347",-1.17080775140479,1.98804126728311,-1.82120985710676,-3.02718895193145,5.40461210174299,-0.543821793981493,0.270833989132961,0.348070220948717,0.687659226598435,0.33125,0.745027680967149,"ALDEx2",0.687659226598435,-0.543821793981493,FALSE,"Bacteria","Proteobacteria","Gammaproteobacteria","Enterobacterales","Alteromonadaceae","Alteromonas","genovensis"
"ASV349",-1.46024075452414,-4.06069864511994,-0.177740079637069,5.52479570814306,5.90701831415915,0.846559036075766,0.166668022947628,0.133672818268074,0.415213923250701,0.164725378787879,0.415223766008609,"ALDEx2",0.415213923250701,0.846559036075766,FALSE,"Bacteria","Planctomycetota","OM190",NA,NA,NA,NA
"ASV354",-0.551230580990491,3.58553246925725,-1.16487119690803,-2.87187050657153,5.82560680984066,-0.440603876372994,0.29533733758434,0.424995908768538,0.760176164164454,0.415435606060606,0.836272392401787,"ALDEx2",0.760176164164454,-0.440603876372994,FALSE,"Bacteria","Bacteroidota","Bacteroidia","Flavobacteriales","Flavobacteriaceae","Winogradskyella",NA
"ASV360",3.91468807959526,-4.20391158765956,5.09064956091991,9.24392137195697,4.97255730792385,1.62973365780771,0.0729202363990322,0.0257758616381592,0.161873548485254,0.0327651515151516,0.156578675001616,"ALDEx2",0.161873548485254,1.62973365780771,TRUE,"Bacteria","Planctomycetota","Planctomycetes","Pirellulales","Pirellulaceae","Rubripirellula",NA
"ASV364",3.4531126671854,-3.91031224035327,4.16701581618843,7.71940092778983,4.74255892267284,1.49483141895522,0.0829046222716513,0.0380936164621458,0.199435319759859,0.0383522727272728,0.168170807550901,"ALDEx2",0.199435319759859,1.49483141895522,TRUE,"Bacteria","Planctomycetota","Planctomycetes","Pirellulales","Pirellulaceae","Rhodopirellula",NA
"ASV368",-0.383643251932229,-3.75603359220657,4.5815460761543,7.03441786126718,5.89773551242185,1.0135825287954,0.139898046804075,0.0669886405070259,0.292202011951036,0.0863636363636363,0.294017486423989,"ALDEx2",0.292202011951036,1.0135825287954,FALSE,"Bacteria","Proteobacteria","Gammaproteobacteria","Pseudomonadales","Halieaceae","OM60(NOR5) clade",NA
"ASV383",-1.04350283166177,5.41111642910241,-2.21898344481898,-7.82412246386848,2.6425152058196,-3.12845517847318,0.000365399848804012,0.000361773719079074,0.00385203432450926,0.0121212121212121,0.0714587725053998,"ALDEx2",0.00385203432450926,-3.12845517847318,TRUE,"Bacteria","Proteobacteria","Gammaproteobacteria","Pseudomonadales","Saccharospirillaceae","Oleispira",NA
"ASV422",-0.302806550351704,3.11170869887482,-1.60959199888931,-4.41046146999983,3.6997510941309,-1.09806035064238,0.165804460157045,0.00999225971553745,0.0456156524215763,0.0852272727272726,0.300266618169311,"ALDEx2",0.0456156524215763,-1.09806035064238,TRUE,"Bacteria","Proteobacteria","Gammaproteobacteria","Pseudomonadales","Nitrincolaceae","Amphritea","ceti"
"ASV424",-2.19713235042818,-2.21340039154526,-2.19713235042818,-0.938515952157033,6.59094455515817,-0.163291592855835,0.44791678569462,0.639773649749921,0.912918736801272,0.734753787878788,0.922049487424471,"ALDEx2",0.912918736801272,-0.163291592855835,FALSE,"Bacteria","Proteobacteria","Alphaproteobacteria","Rhodobacterales","Rhodobacteraceae","Pseudophaeobacter","arcticus"
"ASV431",-0.944160710531075,-3.95287686968353,1.43825558366277,5.93368544786137,5.85412058524914,0.94201081547879,0.170985754107053,0.089360961304793,0.341235417317522,0.118939393939394,0.347182960927659,"ALDEx2",0.341235417317522,0.94201081547879,FALSE,"Bacteria",NA,NA,NA,NA,NA,NA
"ASV442",-0.350062567527277,4.7233732242962,-1.69044048198393,-6.09786996082828,4.14612987898121,-1.34537503805629,0.0468807289310827,0.0195361965211075,0.0786118883564286,0.0269886363636364,0.132707708091668,"ALDEx2",0.0786118883564286,-1.34537503805629,TRUE,"Bacteria","Proteobacteria","Gammaproteobacteria","Enterobacterales","Colwelliaceae","Colwellia","meonggei"
"ASV456",-1.08732956426003,-3.9029841698662,2.38370903057805,6.13649308258284,6.11728550542267,0.903852349589774,0.14507932060197,0.0919153220825731,0.35989383890408,0.109659090909091,0.349774056971322,"ALDEx2",0.35989383890408,0.903852349589774,FALSE,"Bacteria","Planctomycetota","Pla3 lineage",NA,NA,NA,NA
"ASV458",0.26729952117181,-3.89783822745665,4.11283727852527,7.51509461659766,5.33130381565084,1.24038070108551,0.134716778472618,0.0452351084560358,0.223918997593908,0.0526515151515151,0.209577727415754,"ALDEx2",0.223918997593908,1.24038070108551,TRUE,"Bacteria","Proteobacteria","Gammaproteobacteria","Enterobacterales","Pseudoalteromonadaceae","Pseudoalteromonas",NA
"ASV467",-0.434610867899731,2.99932342531611,-1.70817455870682,-5.11323338865857,3.66587954047375,-1.33404292855971,0.0932669384237902,0.0124842011597479,0.0550767299189538,0.0852272727272726,0.300159429258931,"ALDEx2",0.0550767299189538,-1.33404292855971,TRUE,"Bacteria","Proteobacteria","Gammaproteobacteria","Pseudomonadales","Nitrincolaceae","Amphritea",NA
"ASV476",-0.0881586754721564,-3.92333039714232,4.19626051530853,6.8797544660388,5.17916746078195,1.24719285203569,0.139898046804075,0.0583465613218645,0.269924949768972,0.084469696969697,0.284965037486413,"ALDEx2",0.269924949768972,1.24719285203569,FALSE,"Bacteria","Proteobacteria","Gammaproteobacteria","Pseudomonadales","KI89A clade",NA,NA
"ASV479",-0.363104992748499,4.53273876610569,-1.86144201067316,-5.98613949265665,3.58160837021505,-1.58490301488647,0.088085769342426,0.00403503679693296,0.0225556708655612,0.0515151515151516,0.206826884182153,"ALDEx2",0.0225556708655612,-1.58490301488647,TRUE,"Bacteria","Proteobacteria","Gammaproteobacteria","Enterobacterales","Colwelliaceae","Thalassotalea",NA
"ASV506",-1.6018791149119,4.34005514666569,-2.16976527112584,-5.51654749977006,5.97380086934892,-0.788687779147402,0.238342775047909,0.32638764921921,0.692059023843241,0.282670454545454,0.719670862017466,"ALDEx2",0.692059023843241,-0.788687779147402,FALSE,"Bacteria","Bacteroidota","Bacteroidia","Flavobacteriales","Flavobacteriaceae","Aurantivirga",NA
"ASV512",-0.441157916469892,1.46274427364452,-1.81933285259137,-3.83410688630626,3.6166582436828,-0.965149167431294,0.156251473482682,0.0654235188224555,0.212656709101239,0.131060606060606,0.418163718269576,"ALDEx2",0.212656709101239,-0.965149167431294,TRUE,"Bacteria","Proteobacteria","Alphaproteobacteria","Rhodobacterales","Rhodobacteraceae","Tropicibacter",NA
"ASV519",-0.904140142849408,-2.88160635536019,-0.327684715563977,1.70847914192239,7.15081421664706,0.262120966584663,0.341969304696059,0.627478037008869,0.989463988159787,0.415151515151515,0.810171158290145,"ALDEx2",0.989463988159787,0.262120966584663,FALSE,"Bacteria","Proteobacteria","Gammaproteobacteria","Pseudomonadales","Halieaceae","OM60(NOR5) clade",NA
"ASV523",-1.1051253903111,3.66785004933673,-2.25658083801775,-6.6430794491389,2.80488456831716,-2.14645195947595,0.000365399848804012,0.00179261777557413,0.012101981602425,0.0121212121212121,0.0714587725053998,"ALDEx2",0.012101981602425,-2.14645195947595,TRUE,"Bacteria","Proteobacteria","Gammaproteobacteria","Enterobacterales","Colwelliaceae","Colwellia","aquaemaris"
"ASV543",-0.437531142140121,3.56763236326547,-1.67909295776426,-5.00433942574972,3.44307141380876,-1.38919110394183,0.135418426403506,0.00506256190840174,0.0271269147938495,0.0746212121212121,0.271651956151967,"ALDEx2",0.0271269147938495,-1.38919110394183,TRUE,"Bacteria","Bacteroidota","Bacteroidia","Flavobacteriales","Flavobacteriaceae","Dokdonia","lutea"
"ASV566",-0.185463784357182,3.70087851441099,-1.44882780911705,-4.94470074804555,2.93078509926137,-1.71402057045816,0.020738564384523,0.00338240268001848,0.0191859211414441,0.015719696969697,0.0865430825510063,"ALDEx2",0.0191859211414441,-1.71402057045816,TRUE,"Bacteria","Proteobacteria","Gammaproteobacteria","Enterobacterales","Shewanellaceae","Psychrobium",NA
"ASV567",-2.06145406693294,-3.99378291854806,-1.11437562281447,3.57241341944426,5.33650045452598,0.607404810179754,0.233161456450763,0.213013015497101,0.559636807882285,0.232528409090909,0.504944134201865,"ALDEx2",0.559636807882285,0.607404810179754,FALSE,"Bacteria","Proteobacteria","Alphaproteobacteria","Rhodobacterales","Rhodobacteraceae","Limimaricola",NA
"ASV569",0.949447658151475,1.71647907406767,-0.510526990407445,-2.37448345993667,4.98892410103075,-0.371146543483672,0.378238631543462,0.431019668941762,0.847207777916316,0.693087121212121,1,"ALDEx2",0.847207777916316,-0.371146543483672,FALSE,"Bacteria","Planctomycetota","Planctomycetes","Pirellulales","Pirellulaceae","Blastopirellula",NA
"ASV574",-0.958171203236967,-4.03126781054935,1.90403236711582,5.75998705297744,5.27585946448298,0.983744262239386,0.160623169477903,0.089528082607464,0.346658371433347,0.125,0.337245608441276,"ALDEx2",0.346658371433347,0.983744262239386,FALSE,"Bacteria","Proteobacteria","Gammaproteobacteria","Pseudomonadales","Moraxellaceae","Psychrobacter","marincola"
"ASV576",-0.117905038812878,-2.05390329781431,3.12223949364322,3.89317552456094,6.2862805556276,0.520108395117818,0.302083863853441,0.328409837000344,0.779037554850902,0.328125,0.712943476003129,"ALDEx2",0.779037554850902,0.520108395117818,FALSE,"Bacteria","Bacteroidota","Bacteroidia","Flavobacteriales","NS9 marine group",NA,NA
"ASV579",-0.948241012234377,4.39767954868703,-1.51542539187925,-5.08196409059635,6.02652818758733,-0.728977158179955,0.203126036487036,0.323781735468382,0.651644621762838,0.250757575757576,0.645091870907164,"ALDEx2",0.651644621762838,-0.728977158179955,FALSE,"Bacteria","Proteobacteria","Gammaproteobacteria","Enterobacterales","Alteromonadaceae",NA,NA
"ASV582",-1.09648480868469,2.76530760865854,-2.27000595347073,-6.05925917664324,3.3527340218192,-1.94526950675369,0.00523319582318488,0.011803063205111,0.0517063587452938,0.0127840909090909,0.0739954675811574,"ALDEx2",0.0517063587452938,-1.94526950675369,TRUE,"Bacteria","Proteobacteria","Gammaproteobacteria","Pseudomonadales","Oleiphilaceae","Oleiphilus",NA
"ASV619",1.47138949286005,-1.94950265902193,2.67441533424596,3.66422740238041,5.4988307670634,0.620114710902942,0.187501159223769,0.278869473744224,0.741903048114124,0.171212121212121,0.496367595352592,"ALDEx2",0.741903048114124,0.620114710902942,FALSE,"Bacteria","Planctomycetota","Phycisphaerae","Phycisphaerales","Phycisphaeraceae","CL500-3",NA
"ASV649",-2.54207975464819,-3.94609215975454,-1.7567605328241,2.44441591784671,5.58899161965232,0.392243781560413,0.296875549929299,0.343873837049459,0.717893221459206,0.34408143939394,0.636912262754811,"ALDEx2",0.717893221459206,0.392243781560413,FALSE,"Bacteria","Proteobacteria","Gammaproteobacteria","Pseudomonadales","KI89A clade",NA,NA
"ASV651",-0.988815474334369,4.2725595732484,-2.08163565669466,-6.23614290659344,2.30073797422004,-2.63689198430644,0.000365399848804012,0.000428548050266706,0.00443826518284058,0.0121212121212121,0.0714587725053998,"ALDEx2",0.00443826518284058,-2.63689198430644,TRUE,"Bacteria","Bacteroidota","Bacteroidia","Flavobacteriales","Flavobacteriaceae","Tenacibaculum",NA
"ASV667",3.02059510834725,-2.27488142946029,4.66068971569078,5.5791175180259,4.66491036743693,1.14219066718309,0.140626680483796,0.0795441326324572,0.340659232488999,0.068939393939394,0.273012101615098,"ALDEx2",0.340659232488999,1.14219066718309,FALSE,"Bacteria","Planctomycetota","Planctomycetes","Pirellulales","Pirellulaceae","Blastopirellula",NA
"ASV670",5.19923314230463,-2.05984458949806,5.74954733790262,6.5769589422136,5.46379941793738,1.15734600231877,0.140626680483796,0.089466276155316,0.367714644296945,0.0691287878787879,0.275712570142286,"ALDEx2",0.367714644296945,1.15734600231877,FALSE,"Bacteria","Proteobacteria","Gammaproteobacteria","Pseudomonadales","Halieaceae","Luminiphilus",NA
"ASV681",-2.14047752313563,-3.89012798575517,-1.13636420937087,3.61533422963152,5.68029814371417,0.546999793931173,0.234375836542746,0.256301796558626,0.591037328418583,0.264015151515151,0.546707209268187,"ALDEx2",0.591037328418583,0.546999793931173,FALSE,"Bacteria","NB1-j",NA,NA,NA,NA,NA
"ASV682",0.0853515194129297,-4.14551271547113,3.08151297062077,6.62645594875485,5.06364530342566,1.23691634434015,0.0932669384237902,0.0569733535770823,0.262788391249762,0.0529356060606061,0.20836546845755,"ALDEx2",0.262788391249762,1.23691634434015,FALSE,"Bacteria","Myxococcota","Polyangia","Nannocystales","Nannocystaceae",NA,NA
"ASV693",-1.1164158447804,2.40181196585744,-1.64890064701331,-3.46858536511442,5.43282708644189,-0.496105707101554,0.296875549929299,0.392731547105814,0.695878988429684,0.435511363636364,0.818975037430241,"ALDEx2",0.695878988429684,-0.496105707101554,FALSE,"Bacteria","Proteobacteria","Alphaproteobacteria","Rhodobacterales","Rhodobacteraceae","Ponticoccus",NA
"ASV700",-0.91880943805239,-2.30133982373527,-0.348160385918602,3.56405058668755,6.44442023747395,0.474564772411384,0.321243981829087,0.319748737123862,0.75776097389969,0.371922348484849,0.752402612580178,"ALDEx2",0.75776097389969,0.474564772411384,FALSE,"Bacteria","Bacteroidota","Bacteroidia","Flavobacteriales","NS7 marine group",NA,NA
"ASV706",-2.30400576152925,-4.10778844103375,-1.35310119022058,3.64674715833332,5.51444298788555,0.682965746107113,0.248705415398428,0.242379448011366,0.575089699895352,0.27438446969697,0.543382440866067,"ALDEx2",0.575089699895352,0.682965746107113,FALSE,"Bacteria","Planctomycetota","Pla3 lineage",NA,NA,NA,NA
"ASV714",-1.27422259550682,4.64700748282338,-2.45020959878343,-7.07479736167844,2.55850070875612,-2.7070720205744,0.000365399848804012,0.000548931963204932,0.00490850636617768,0.0121212121212121,0.0714587725053998,"ALDEx2",0.00490850636617768,-2.7070720205744,TRUE,"Bacteria","Proteobacteria","Gammaproteobacteria","Enterobacterales","Alteromonadaceae","Aliiglaciecola",NA
"ASV774",-0.092063441929068,-3.75086619503228,4.60625064787407,7.24502375309216,5.21049639373773,1.29543074980874,0.139898046804075,0.0593684577706813,0.266928953554437,0.084375,0.292473663686414,"ALDEx2",0.266928953554437,1.29543074980874,FALSE,"Bacteria","Bacteroidota","Bacteroidia","Flavobacteriales","Flavobacteriaceae","NS4 marine group",NA
"ASV795",-1.06406759918725,5.17964117750578,-2.29792838236385,-7.63910509323534,2.71896502327971,-2.97908582556285,0.000365399848804012,0.000303162561835728,0.00366755902652145,0.0121212121212121,0.0714587725053998,"ALDEx2",0.00366755902652145,-2.97908582556285,TRUE,"Bacteria","Bacteroidota","Bacteroidia","Cytophagales","Cyclobacteriaceae","Fabibacter",NA
"ASV800",-2.08825063269553,-3.8628233050433,-1.26962484046351,3.13513511315865,5.5970453915617,0.535405065863257,0.250000753505307,0.279148971896157,0.644503804904151,0.292140151515151,0.595094010778345,"ALDEx2",0.644503804904151,0.535405065863257,FALSE,"Bacteria","Bacteroidota","Bacteroidia","Flavobacteriales","Flavobacteriaceae","NS4 marine group",NA
"ASV829",-1.21294987446892,2.26235833163535,-2.41214633990505,-5.56815637162602,3.63570122473688,-1.57133853020635,0.0103891482000488,0.0209832562765871,0.0833559347647612,0.0165719696969697,0.0888324869067233,"ALDEx2",0.0833559347647612,-1.57133853020635,TRUE,"Bacteria","Proteobacteria","Gammaproteobacteria","Enterobacterales","Colwelliaceae","Thalassotalea",NA
"ASV853",-0.4258791533931,3.68835833067166,-1.92021860298889,-5.67161703397678,3.74066392296368,-1.38465603697818,0.06771220268144,0.00958147241469358,0.044397375973748,0.0420454545454546,0.182089739618732,"ALDEx2",0.044397375973748,-1.38465603697818,TRUE,"Bacteria","Proteobacteria","Gammaproteobacteria","Pseudomonadales","Saccharospirillaceae",NA,NA
"ASV860",-2.01318887035391,-4.11500353757396,-1.08346235071871,3.32947136042311,5.96126004455611,0.579316344034964,0.227980139005357,0.238295379527568,0.58274938534658,0.245975378787879,0.51843261552342,"ALDEx2",0.58274938534658,0.579316344034964,FALSE,"Bacteria","Desulfobacterota",NA,NA,NA,NA,NA
"ASV861",-0.99926024372462,3.1566998951508,-2.2262844619585,-5.71441839330272,2.57707524696811,-2.09382931258961,0.00523319582318488,0.00246572454439824,0.0150118699685864,0.012689393939394,0.0735853578555814,"ALDEx2",0.0150118699685864,-2.09382931258961,TRUE,"Bacteria","Proteobacteria","Gammaproteobacteria","Enterobacterales","Alteromonadaceae","Aestuariibacter",NA
"ASV882",-0.379098607973092,3.54131493135797,-1.6912566673489,-5.26025483567962,2.9615804634428,-1.63560698511846,0.0259172268997107,0.00215486768695132,0.0140660033722801,0.018844696969697,0.0985204680088631,"ALDEx2",0.0140660033722801,-1.63560698511846,TRUE,"Bacteria","Bacteroidota","Bacteroidia","Flavobacteriales","Flavobacteriaceae","Dokdonia",NA
"ASV889",-1.90104560931905,-2.02741312865938,-1.85210139539723,-1.04268404830692,6.67894233837492,-0.113877775992055,0.450777313270224,0.728432622346226,0.941893900108249,0.782528409090909,0.959100399610551,"ALDEx2",0.941893900108249,-0.113877775992055,FALSE,"Bacteria","Proteobacteria","Gammaproteobacteria","Pseudomonadales","Oleiphilaceae","Oleiphilus",NA
"ASV911",-2.62286118530202,-3.89792807242163,-2.08239896133246,2.14633402860188,5.26939644212173,0.394877098033604,0.296875549929299,0.416205938219093,0.753797240270305,0.435748106060606,0.714842018322184,"ALDEx2",0.753797240270305,0.394877098033604,FALSE,"Bacteria","Proteobacteria","Alphaproteobacteria","Caulobacterales","Caulobacteraceae","Brevundimonas",NA
"ASV943",3.33152466982918,-3.72366669008138,3.88090778751799,7.65780916890235,3.91813582455443,1.82676043231082,0.0310967802974505,0.0337427781714448,0.190102265872197,0.0146780303030303,0.0954481561114888,"ALDEx2",0.190102265872197,1.82676043231082,TRUE,"Bacteria","Bdellovibrionota","Bdellovibrionia","Bdellovibrionales","Bdellovibrionaceae","OM27 clade",NA
"ASV946",2.35380576282057,-4.20621738018214,3.19753719596028,7.30233574924019,4.4519515439716,1.52346613002184,0.06771220268144,0.0445317118646731,0.230233884364421,0.0360795454545455,0.160599231810747,"ALDEx2",0.230233884364421,1.52346613002184,TRUE,"Bacteria","Bacteroidota","Bacteroidia","Flavobacteriales","Crocinitomicaceae","Crocinitomix",NA
"ASV976",-0.5535140849462,3.57998480181958,-1.74323687708776,-5.14379925245132,3.15857047829282,-1.66895803623122,0.0259172268997107,0.00238637982670473,0.0144905287791036,0.0160984848484849,0.0860381930392686,"ALDEx2",0.0144905287791036,-1.66895803623122,TRUE,"Bacteria","Proteobacteria","Alphaproteobacteria","Sphingomonadales","Sphingomonadaceae","Erythrobacter",NA
"ASV1030",-1.03108818333391,3.55260763746138,-2.1779693810835,-5.79067774269721,2.36602069838129,-2.29526388839509,0.000365399848804012,0.00128166502224143,0.00907325181340713,0.0121212121212121,0.0714587725053998,"ALDEx2",0.00907325181340713,-2.29526388839509,TRUE,"Bacteria","Proteobacteria","Gammaproteobacteria","Enterobacterales","Alteromonadaceae","Aliiglaciecola",NA
"ASV1035",-2.13364060927579,-3.82256085156215,-1.06802168291571,3.2342635871952,5.7593980946048,0.575778643105227,0.269430706949312,0.242162781056784,0.584981475406395,0.241145833333333,0.532070701531912,"ALDEx2",0.584981475406395,0.575778643105227,FALSE,"Bacteria","Bacteroidota","Bacteroidia","Flavobacteriales","Crocinitomicaceae","Salinirepens",NA
"ASV1063",-2.16709377780245,-3.99836654955349,-1.17683905733114,3.30045940314844,5.94947747289939,0.541492437460329,0.243524094720476,0.253045307180702,0.614889378022891,0.280018939393939,0.568559747627721,"ALDEx2",0.614889378022891,0.541492437460329,FALSE,"Bacteria","Planctomycetota","Planctomycetes","Pirellulales","Pirellulaceae","Pir4 lineage",NA
"ASV1093",-1.65867859642317,-3.74797768261222,-0.367912729227376,4.96267729086145,5.88759717558571,0.781468519723213,0.197917742061982,0.183677547232067,0.471471577150076,0.200473484848485,0.458254484940978,"ALDEx2",0.471471577150076,0.781468519723213,FALSE,"Bacteria","Planctomycetota","Planctomycetes","Pirellulales","Pirellulaceae","Rhodopirellula",NA
"ASV1133",-1.11325088015749,4.7677219365959,-2.29136640277729,-6.59926604229644,2.57720374362894,-2.30907875101736,0.000365399848804012,0.00128544200047782,0.00916899130753183,0.0121212121212121,0.0714587725053998,"ALDEx2",0.00916899130753183,-2.30907875101736,TRUE,"Bacteria","Bacteroidota","Bacteroidia","Flavobacteriales","Flavobacteriaceae","Aurantivirga",NA
"ASV1139",1.79672373137079,-4.16302492148236,4.190777819044,7.9721316765744,4.78436222887886,1.50431879856366,0.0569994271840583,0.0309618090836134,0.188124801252972,0.0319128787878788,0.149058092261055,"ALDEx2",0.188124801252972,1.50431879856366,TRUE,"Bacteria","Proteobacteria","Gammaproteobacteria","Enterobacterales","Alteromonadaceae","Rheinheimera",NA
"ASV1147",0.355028632366914,-3.92519666324686,4.01454002521193,6.83462297982268,4.86163581830968,1.26581015787487,0.114585480082425,0.0450040587598717,0.230706570164079,0.0614583333333334,0.227004508988912,"ALDEx2",0.230706570164079,1.26581015787487,TRUE,"Bacteria","Bacteroidota","Bacteroidia","Flavobacteriales","NS9 marine group",NA,NA
"ASV1152",-1.1495688835185,-4.07093469558811,2.95873949020842,6.52517791500258,6.09679557546305,0.911389824377779,0.165804460157045,0.0968086535674713,0.349514144305888,0.127746212121212,0.372290351726044,"ALDEx2",0.349514144305888,0.911389824377779,FALSE,"Bacteria","Bacteroidota","Bacteroidia","Chitinophagales","Saprospiraceae","Aureispira",NA
"ASV1157",3.02750601730552,-3.14049100768236,3.6727256364317,5.24718045453313,5.94077781759585,0.96427993469872,0.125001937486737,0.118578784213495,0.437510208861704,0.0526515151515152,0.232915659876917,"ALDEx2",0.437510208861704,0.96427993469872,FALSE,"Bacteria","Bacteroidota","Bacteroidia","Chitinophagales","Saprospiraceae","Aureispira",NA
"ASV1161",-1.1837531209453,-4.20911719741179,3.57223427309272,7.54699764769356,6.45081620289298,0.99715464414901,0.135418426403506,0.0822517063601788,0.328972238264628,0.108901515151515,0.327615543708798,"ALDEx2",0.328972238264628,0.99715464414901,FALSE,"Bacteria","Actinobacteriota","Actinobacteria","Micrococcales","Microbacteriaceae","Microbacterium",NA
"ASV1194",-1.01930026291146,4.51336632472739,-2.26656581145974,-6.21314162234639,3.10950756960637,-1.95005663955355,0.00523319582318488,0.00621407938126395,0.0305774887953606,0.0138257575757576,0.0784792048112412,"ALDEx2",0.0305774887953606,-1.95005663955355,TRUE,"Bacteria","Bacteroidota","Bacteroidia","Flavobacteriales","Flavobacteriaceae",NA,NA
"ASV1218",-0.460388190962056,3.87068463326008,-1.83352906815587,-5.41266381528949,3.30853102706305,-1.47765440907437,0.0362768443282438,0.00829281033022072,0.0392803351542798,0.0228219696969697,0.115531803386637,"ALDEx2",0.0392803351542798,-1.47765440907437,TRUE,"Bacteria","Bacteroidota","Bacteroidia","Flavobacteriales","Flavobacteriaceae","Aureicoccus","marinus"
"ASV1232",-1.8471855416597,3.85957338305413,-2.27757987823045,-5.17203968596406,6.06245823840353,-0.772873303743104,0.227980139005357,0.301508663474086,0.660744088285298,0.273674242424242,0.696095617453003,"ALDEx2",0.660744088285298,-0.772873303743104,FALSE,"Bacteria","Bacteroidota","Bacteroidia","Flavobacteriales","Flavobacteriaceae",NA,NA
"ASV1233",-1.12789530745646,4.41998331230002,-2.27238077797519,-6.42547366242697,2.63335812098219,-2.55841853786382,0.000365399848804012,0.000409638845156587,0.00436488723122795,0.0121212121212121,0.0714587725053998,"ALDEx2",0.00436488723122795,-2.55841853786382,TRUE,"Bacteria","Proteobacteria","Gammaproteobacteria","Enterobacterales","Alteromonadaceae",NA,NA
"ASV1252",-1.25607519581331,-3.99353488820437,2.59783790187314,6.51807153726178,5.90968061629026,0.919918343277817,0.165804460157045,0.103249928895131,0.374558681679242,0.142045454545455,0.394308250238139,"ALDEx2",0.374558681679242,0.919918343277817,FALSE,"Bacteria","Bacteroidota","Bacteroidia","Flavobacteriales","Crocinitomicaceae","Salinirepens",NA
"ASV1253",-1.0658488285105,4.40665324963184,-2.3581048727176,-6.80521576126871,2.81083040567847,-2.63399703259266,0.000365399848804012,0.000594387777697725,0.00536493661905269,0.0121212121212121,0.0714587725053998,"ALDEx2",0.00536493661905269,-2.63399703259266,TRUE,"Bacteria","Proteobacteria","Gammaproteobacteria","Arenicellales","Arenicellaceae","Arenicella",NA
"ASV1327",-1.94481128557718,-4.32383371006391,-1.02794593994661,3.30396630857719,5.67051063503462,0.563180535737513,0.234375836542746,0.216929309966945,0.563361927549516,0.233712121212121,0.516170640589805,"ALDEx2",0.563361927549516,0.563180535737513,FALSE,"Bacteria","Actinobacteriota","Actinobacteria","Micrococcales","Microbacteriaceae","Microbacterium",NA
"ASV1328",-0.99021335337057,3.40301475076958,-2.21367140204998,-6.18210125248075,2.53935827883322,-2.36043275016229,0.000365399848804012,0.00183982767848983,0.0124094395100934,0.0122159090909091,0.0718529270324144,"ALDEx2",0.0124094395100934,-2.36043275016229,TRUE,"Bacteria","Proteobacteria","Alphaproteobacteria","Rhodobacterales","Rhodobacteraceae",NA,NA
"ASV1334",-1.02593836151854,3.36817786867123,-2.39038459352052,-5.88342777618712,2.85245419601282,-2.17306485136309,0.000365399848804012,0.00148592659018807,0.00993346969347978,0.0122159090909091,0.0718057692586466,"ALDEx2",0.00993346969347978,-2.17306485136309,TRUE,"Bacteria","Proteobacteria","Gammaproteobacteria","Pseudomonadales","Spongiibacteraceae","Dasania",NA
"ASV1390",2.83942704414735,-3.65504661185858,4.04086311706539,7.40658001358684,4.82263907354186,1.36261093924544,0.0932669384237902,0.0396548005733571,0.205530464589266,0.0390151515151515,0.17495583812951,"ALDEx2",0.205530464589266,1.36261093924544,TRUE,"Bacteria","Bdellovibrionota","Bdellovibrionia","Bdellovibrionales","Bdellovibrionaceae","OM27 clade",NA
"ASV1407",-1.97671639459432,-4.05541012114141,-0.842621460617351,4.37103356227215,6.46043101270287,0.657814967254569,0.234375836542746,0.176504721944247,0.484708461124936,0.22594696969697,0.491675229195668,"ALDEx2",0.484708461124936,0.657814967254569,FALSE,"Bacteria","Proteobacteria","Alphaproteobacteria","Rickettsiales","Fokiniaceae","MD3-55",NA
"ASV1415",-1.19801342261097,3.91562403966099,-2.40186171464483,-6.32223960545368,3.09948991026639,-2.10624181872647,0.000365399848804012,0.00117742955745627,0.00827902717400246,0.0121212121212121,0.0714587725053998,"ALDEx2",0.00827902717400246,-2.10624181872647,TRUE,"Bacteria","Proteobacteria","Alphaproteobacteria","Rhodobacterales","Rhodobacteraceae","Yoonia-Loktanella",NA
"ASV1430",0.127573668738933,-3.81777702672375,2.5948318837248,6.2888773919932,5.03227435073623,1.08759317489319,0.130210178480212,0.0626314067017927,0.276078076073571,0.0649621212121212,0.240962311218506,"ALDEx2",0.276078076073571,1.08759317489319,FALSE,"Bacteria","Bacteroidota","Bacteroidia","Flavobacteriales","Crocinitomicaceae",NA,NA
"ASV1481",-0.0887467982099182,-3.98095881833025,3.5195354604735,7.35699773756187,5.18398602544445,1.26761538644064,0.125001937486737,0.0549608736174747,0.254102096251936,0.0707386363636363,0.256005822245797,"ALDEx2",0.254102096251936,1.26761538644064,FALSE,"Bacteria","Bacteroidota","Bacteroidia","Flavobacteriales","Flavobacteriaceae","Mesoflavibacter",NA
"ASV1498",-1.16654282485717,3.66465713914542,-2.26855663890116,-5.66420602324603,2.81511897212568,-1.99892662033894,0.0052604506079491,0.00182053452463163,0.0117778948088921,0.012594696969697,0.0732175352467468,"ALDEx2",0.0117778948088921,-1.99892662033894,TRUE,"Bacteria","Proteobacteria","Gammaproteobacteria","Pseudomonadales","Marinobacteraceae","Marinobacter","guineae"
"ASV1510",-1.15654702007647,3.81941733709654,-2.28041098469146,-6.01013930562976,2.44092105561288,-2.61838771366066,0.000365399848804012,0.00112185442038179,0.00770476816787366,0.0121212121212121,0.0714587725053998,"ALDEx2",0.00770476816787366,-2.61838771366066,TRUE,"Bacteria","Proteobacteria","Alphaproteobacteria","Rhodobacterales","Rhodobacteraceae","Yoonia-Loktanella",NA
"ASV1616",-2.12542385197129,-3.93131924072311,-1.2522035951116,3.32033778983017,6.28127951986924,0.494522268199056,0.250000753505307,0.247010330489231,0.601014075144618,0.271922348484848,0.54679664236292,"ALDEx2",0.601014075144618,0.494522268199056,FALSE,"Bacteria","Proteobacteria","Gammaproteobacteria","Enterobacterales","Shewanellaceae","Shewanella",NA
"ASV1638",0.065208515770939,-4.02922686986951,3.80486033324788,6.64991095123576,5.08020686055809,1.10874268928196,0.135418426403506,0.063174167372857,0.270356269725541,0.0756628787878788,0.267852426584532,"ALDEx2",0.270356269725541,1.10874268928196,FALSE,"Bacteria","Bacteroidota","Bacteroidia","Chitinophagales","Saprospiraceae","Aureispira",NA
"ASV1733",-1.00479436644351,3.99087937118434,-2.39057303935732,-6.30594643143746,2.64655154714166,-2.39952849646169,0.000365399848804012,0.0010124841976088,0.00741358277828456,0.0121212121212121,0.0714587725053998,"ALDEx2",0.00741358277828456,-2.39952849646169,TRUE,"Bacteria","Proteobacteria","Alphaproteobacteria","Rhodobacterales","Rhodobacteraceae","Tateyamaria",NA
"ASV1836",-1.74608656065333,4.2109844147334,-2.32215922220656,-5.24813461322364,5.81287376702458,-0.87913482625375,0.19270944958575,0.234669643667919,0.544789858724009,0.199431818181818,0.537521584653589,"ALDEx2",0.544789858724009,-0.87913482625375,FALSE,"Bacteria","Proteobacteria","Gammaproteobacteria","Pseudomonadales","Alcanivoracaceae1","Alcanivorax",NA
"ASV1924",0.0964955452073122,-4.11239838971505,3.11375956793915,6.660783994879,4.97316137605572,1.24909468195774,0.114585480082425,0.0606405569106003,0.273668771523453,0.0746212121212121,0.262470571518335,"ALDEx2",0.273668771523453,1.24909468195774,FALSE,"Bacteria","Bacteroidota","Bacteroidia","Flavobacteriales","Flavobacteriaceae",NA,NA
"ASV2080",3.02836497920159,-4.22815753145311,4.01938746146317,7.70063147117258,4.31782881376995,1.69765540608093,0.088085769342426,0.0406401060068093,0.21188598533289,0.0373106060606061,0.17842498139017,"ALDEx2",0.21188598533289,1.69765540608093,TRUE,"Bacteria","Myxococcota","Polyangia","Polyangiales","Sandaracinaceae",NA,NA
"ASV2137",1.36347985143461,1.81407848614949,0.821696515244791,1.06872173013783,6.14267154561812,0.154102271339172,0.463541749522704,0.792217861841835,0.999955127258559,0.716666666666667,0.994875112288185,"ALDEx2",0.999955127258559,0.154102271339172,FALSE,"Bacteria","Proteobacteria","Gammaproteobacteria","Pseudomonadales","Nitrincolaceae",NA,NA
"ASV2303",-1.79376441522223,4.12912440218058,-2.30571938764462,-5.49948010872636,6.09539430985033,-0.814733392967118,0.239584141140091,0.320268445637478,0.683993952528448,0.284469696969697,0.72133349633725,"ALDEx2",0.683993952528448,-0.814733392967118,FALSE,"Bacteria","Bacteroidota","Bacteroidia","Flavobacteriales","Flavobacteriaceae","Winogradskyella",NA
"ASV2656",-1.12420163653349,3.71598968044209,-2.3750895210544,-5.8340309716205,2.65701907512963,-2.12582343752358,0.000365399848804012,0.00315117294404782,0.0183139456952895,0.0130681818181818,0.0751208952249724,"ALDEx2",0.0183139456952895,-2.12582343752358,TRUE,"Bacteria","Bacteroidota","Bacteroidia","Flavobacteriales","Flavobacteriaceae",NA,NA
"ASV3131",-1.76171924212612,3.85181371512767,-2.29464539017454,-5.1530231090626,5.85125967981472,-0.768524032512237,0.260417369656193,0.337290864630345,0.713907908469142,0.28844696969697,0.728086072431249,"ALDEx2",0.713907908469142,-0.768524032512237,FALSE,"Bacteria","Bacteroidota","Bacteroidia","Flavobacteriales","Flavobacteriaceae","Tenacibaculum",NA
