"TaxaID","rab.all","rab.win.control","rab.win.S-2","diff.btw","diff.win","effect","overlap","we.ep","we.eBH","wi.ep","wi.eBH","method","adjusted_p_value","score","significant","Kingdom","Phylum","Class","Order","Family","Genus","Species"
"ASV1",6.78826651449602,6.96009165651994,6.73196050752009,-0.196914060207633,0.527536421158099,-0.272063926054145,0.382813130675644,0.677789053483374,0.999901490214308,0.745833333333332,1,"ALDEx2",0.999901490214308,-0.272063926054145,FALSE,"Bacteria","Proteobacteria","Alphaproteobacteria","SAR11 clade","Clade I","Clade Ia",NA
"ASV2",5.7912837590648,6.42234719089591,3.31958044430428,-3.03494471195437,0.334604583107738,-7.42846683343967,0.000547999460257121,0.00267270141334667,0.181097348232026,0.133333333333333,0.797350416457916,"ALDEx2",0.181097348232026,-7.42846683343967,TRUE,"Bacteria","Cyanobacteria","Cyanobacteriia","Synechococcales","Cyanobiaceae","Prochlorococcus MIT9313","marinus"
"ASV3",6.02993085593425,5.93317207914299,6.07629240931835,0.169577747976847,0.510622961887952,0.328586120489541,0.34375088071336,0.494487297073873,0.881329633134499,0.538541666666666,0.850335540581644,"ALDEx2",0.881329633134499,0.328586120489541,FALSE,"Bacteria","Proteobacteria","Alphaproteobacteria","SAR11 clade","Clade I","Clade Ia",NA
"ASV4",6.68348619873234,7.29394155214426,5.93742744458322,-1.33487118969268,0.358887347153108,-1.97608279506952,0.023281977911024,0.0347861445192058,0.528521176917969,0.1625,0.826044676443718,"ALDEx2",0.528521176917969,-1.97608279506952,FALSE,"Bacteria","Cyanobacteria","Cyanobacteriia","Synechococcales","Cyanobiaceae","Synechococcus CC9902",NA
"ASV5",5.90679581441975,5.88170717547539,5.93582108731569,0.0714370893073144,0.284518267829806,0.130054809259412,0.390625584253894,0.496248084082313,0.872304385217459,0.583854166666666,0.825915395982819,"ALDEx2",0.872304385217459,0.130054809259412,FALSE,"Bacteria","Proteobacteria","Alphaproteobacteria","SAR11 clade","Clade II",NA,NA
"ASV6",6.13991176907566,6.18882914820133,6.10203650563227,-0.087131035965891,0.351785316153916,-0.16518329563239,0.395349385268813,0.867351484317538,0.98922976570158,0.781770833333333,0.959686075891376,"ALDEx2",0.98922976570158,-0.16518329563239,FALSE,"Bacteria","Proteobacteria","Alphaproteobacteria","SAR11 clade","Clade I","Clade Ia",NA
"ASV9",-2.16231107889895,2.74465644947043,-6.16794509325911,-9.50599566421933,7.29497598213891,-1.08805778156106,0.131786974150592,0.161401129884217,0.789932917717982,0.328125,0.935646227414004,"ALDEx2",0.789932917717982,-1.08805778156106,FALSE,"Bacteria","Proteobacteria","Gammaproteobacteria","Enterobacterales","Alteromonadaceae","Glaciecola",NA
"ASV13",5.22324978616989,5.49004648894731,4.89455657601029,-0.605406403538923,0.431680631863015,-1.27433084644866,0.0625094885240508,0.117313657938531,0.739766679908905,0.227083333333333,0.892696601829137,"ALDEx2",0.739766679908905,-1.27433084644866,FALSE,"Bacteria","Proteobacteria","Alphaproteobacteria","SAR11 clade","Clade I","Clade Ib",NA
"ASV20",4.77321736890382,4.61685698427195,5.38230717301789,0.789697110401761,0.343703563558131,2.34028029795899,0.000547999460257121,0.0379421388331159,0.167312003011943,0,0,"ALDEx2",0.167312003011943,2.34028029795899,TRUE,"Bacteria","Proteobacteria","Alphaproteobacteria","SAR11 clade","Clade I","Clade Ia",NA
"ASV21",4.18694971776756,4.02232555719175,5.05206434731793,1.07339716832363,0.310494620042383,3.44688417216998,0.000547999460257121,0.00930710064395462,0.0785315584372834,0,0,"ALDEx2",0.0785315584372834,3.44688417216998,TRUE,"Bacteria","Proteobacteria","Alphaproteobacteria","Rhodospirillales","AEGEAN-169 marine group",NA,NA
"ASV24",-4.65118230440019,1.49472593886421,-6.03318756176862,-8.81492895830226,9.06310209880536,-0.888716092792175,0.25581555923057,0.268054799067802,0.906402553778939,0.541666666666666,0.969449114223863,"ALDEx2",0.906402553778939,-0.888716092792175,FALSE,"Bacteria","Proteobacteria","Alphaproteobacteria","Rhodobacterales","Rhodobacteraceae","Pseudophaeobacter",NA
"ASV27",-2.66236308390387,2.96335262399722,-6.43631778642685,-9.39251679920664,8.17277156319502,-1.04541319507063,0.13281655334062,0.14807235351804,0.782516871610202,0.30625,0.925727333621226,"ALDEx2",0.782516871610202,-1.04541319507063,FALSE,"Bacteria","Proteobacteria","Gammaproteobacteria","Pseudomonadales","Saccharospirillaceae","Oceaniserpentilla",NA
"ASV30",4.25875903199579,4.46123884098516,4.04523577515831,-0.422984624235634,0.32577943949156,-0.631736092403522,0.248063706377386,0.478482033518446,0.985972066689606,0.541666666666666,1,"ALDEx2",0.985972066689606,-0.631736092403522,FALSE,"Bacteria","Proteobacteria","Alphaproteobacteria","SAR11 clade","Clade II",NA,NA
"ASV34",4.34300788433404,4.17388898092533,5.36096426225453,1.27104352708015,0.377606793492262,3.41677423017074,0.000547999460257121,0.0237077190911409,0.123752702410908,0,0,"ALDEx2",0.123752702410908,3.41677423017074,TRUE,"Bacteria","Proteobacteria","Alphaproteobacteria","SAR11 clade","Clade IV",NA,NA
"ASV37",3.51459854410989,3.84873864394535,2.95324678139528,-0.825790454702903,0.766226608156549,-0.903401697537228,0.186049106949428,0.218314957286257,0.896790146755168,0.382291666666666,0.997602737721803,"ALDEx2",0.896790146755168,-0.903401697537228,FALSE,"Bacteria","Cyanobacteria","Cyanobacteriia","Synechococcales","Cyanobiaceae","Synechococcus CC9902",NA
"ASV39",3.48192125112411,3.34431848303007,3.76328715078187,0.441282077569228,0.281546060836869,1.36946273134747,0.0468878823465655,0.106756572527045,0.326288425304959,0.0625,0.151143709720384,"ALDEx2",0.326288425304959,1.36946273134747,FALSE,"Bacteria","Actinobacteriota","Acidimicrobiia","Actinomarinales","Actinomarinaceae","Candidatus Actinomarina",NA
"ASV40",4.2055140803297,4.19702134764538,4.22971127321244,0.0509644864292862,0.46855537283733,0.08984752792142,0.460937699897913,0.754401729860166,0.968168140263265,0.680208333333332,0.929459385342313,"ALDEx2",0.968168140263265,0.08984752792142,FALSE,"Bacteria","Proteobacteria","Alphaproteobacteria","SAR11 clade","Clade I","Clade Ib",NA
"ASV42",-2.43395874264746,0.156787852313002,-6.32761284615402,-6.2853241306525,4.70607570604304,-1.04997515601349,0.140628780821066,0.201961406457889,0.795467959760004,0.33125,0.93809502134483,"ALDEx2",0.795467959760004,-1.04997515601349,FALSE,"Bacteria","Proteobacteria","Gammaproteobacteria","Pseudomonadales","Marinomonadaceae","Marinomonas",NA
"ASV45",3.80464508756379,4.0502161590776,3.62544295630156,-0.376119615551759,0.407899548558132,-0.756173160001868,0.250001695344365,0.273249552324861,0.895730527794179,0.504687499999999,0.99253777131508,"ALDEx2",0.895730527794179,-0.756173160001868,FALSE,"Bacteria","Proteobacteria","Alphaproteobacteria","SAR11 clade","Clade I","Clade Ib",NA
"ASV47",3.14178537642608,3.55190832964022,2.17852801393694,-1.37215673713593,0.580601089058732,-2.19421847942122,0.000547999460257121,0.0621061415904924,0.577787745229038,0.133333333333333,0.797350416457916,"ALDEx2",0.577787745229038,-2.19421847942122,FALSE,"Bacteria","Proteobacteria","Alphaproteobacteria","SAR11 clade","Clade I","Clade Ib",NA
"ASV49",0.528134394348932,2.39223198428838,-6.38217487428871,-9.09327953922837,4.00543476801509,-2.36168348427386,0.000547999460257121,0.0588406551984447,0.462737658169072,0.133333333333333,0.797350416457916,"ALDEx2",0.462737658169072,-2.36168348427386,FALSE,"Bacteria","Proteobacteria","Gammaproteobacteria","Enterobacterales","Colwelliaceae","Colwellia",NA
"ASV50",-4.69351721472119,1.43341602809713,-5.86070165893018,-8.52038948001998,8.82182294796422,-0.824919209022894,0.242189286111662,0.272054183842182,0.907498063654533,0.567708333333333,0.97471727197458,"ALDEx2",0.907498063654533,-0.824919209022894,FALSE,"Bacteria","Proteobacteria","Alphaproteobacteria","Rhodobacterales","Rhodobacteraceae","Pseudophaeobacter",NA
"ASV51",3.81601740303032,3.75225015011122,3.90758819542089,0.174770353627228,0.436071178838277,0.338252670437689,0.310078630782153,0.386164670711756,0.778937743077034,0.403124999999999,0.693165070987628,"ALDEx2",0.778937743077034,0.338252670437689,FALSE,"Bacteria","Proteobacteria","Alphaproteobacteria","SAR11 clade","Clade I","Clade Ib",NA
"ASV53",-1.78456626800433,1.85699489443558,-6.3893578426698,-8.14143275976498,6.0911641094765,-1.14953357090042,0.0852779721736082,0.15224765541048,0.775562151409226,0.303125,0.926167283349109,"ALDEx2",0.775562151409226,-1.14953357090042,FALSE,"Bacteria","Proteobacteria","Gammaproteobacteria","Enterobacterales","Colwelliaceae","Colwellia",NA
"ASV56",2.63604205837514,2.98778287859577,-0.959573557689903,-3.90341064976258,0.713229130914073,-5.10482325695669,0.000547999460257121,0.0443105142773247,0.450879698099271,0.133333333333333,0.797350416457916,"ALDEx2",0.450879698099271,-5.10482325695669,FALSE,"Archaea","Crenarchaeota","Nitrososphaeria","Nitrosopumilales","Nitrosopumilaceae","Candidatus Nitrosopelagicus",NA
"ASV60",2.83757199137469,2.71567147698532,2.97979286891386,0.243834282115642,0.675675830900786,0.330120521853592,0.312501109694578,0.467542741389333,0.844894171143283,0.460937499999999,0.794755946203015,"ALDEx2",0.844894171143283,0.330120521853592,FALSE,"Bacteria","Marinimicrobia (SAR406 clade)",NA,NA,NA,NA,NA
"ASV62",0.98011923128774,0.805658580931062,1.28910636179722,0.598094035449943,0.848371042979618,0.694876161256928,0.234376882168507,0.3214410482245,0.714312068170025,0.304166666666666,0.60846981894601,"ALDEx2",0.714312068170025,0.694876161256928,FALSE,"Bacteria","Verrucomicrobiota","Verrucomicrobiae","Opitutales","Puniceicoccaceae","Lentimonas",NA
"ASV64",1.42500723277744,1.10387686335956,2.0071252038912,0.989039285053983,0.865855431625137,1.14680468316472,0.0781324454049968,0.169928831925529,0.478801496034409,0.104166666666666,0.258198657800469,"ALDEx2",0.478801496034409,1.14680468316472,FALSE,"Bacteria","Planctomycetota","Planctomycetes","Pirellulales","Pirellulaceae",NA,NA
"ASV65",1.15019314896181,0.64563436719695,2.67260244217526,2.04951569577802,0.734174590342278,2.8473285556432,0.000547999460257121,0.0172828715204688,0.104097733928667,0,0,"ALDEx2",0.104097733928667,2.8473285556432,TRUE,"Bacteria","Proteobacteria","Alphaproteobacteria","Rhodobacterales","Rhodobacteraceae","Ascidiaceihabitans",NA
"ASV67",-4.87106894073814,-0.0740014474497102,-6.82602606676639,-5.8332589493289,6.83468094805934,-0.784047636980854,0.224808178412025,0.287142457694336,0.887904857991774,0.514583333333333,0.958684861088505,"ALDEx2",0.887904857991774,-0.784047636980854,FALSE,"Bacteria","Proteobacteria","Gammaproteobacteria","Enterobacterales","Alteromonadaceae","Glaciecola",NA
"ASV69",1.09748015044293,0.842265095037368,3.62666957423173,2.82814773655957,0.409132733438938,6.64569700570025,0.000547999460257121,0.00112379182912613,0.0318424975989158,0,0,"ALDEx2",0.0318424975989158,6.64569700570025,TRUE,"Bacteria","Proteobacteria","Alphaproteobacteria","Rhodospirillales","AEGEAN-169 marine group",NA,NA
"ASV71",2.32841693111206,1.67377396522244,3.69739733305624,1.98987940027959,0.872280171786788,2.41021479446718,0.000547999460257121,0.020667788701476,0.119783209183486,0,0,"ALDEx2",0.119783209183486,2.41021479446718,TRUE,"Bacteria","Proteobacteria","Gammaproteobacteria","Pseudomonadales","SAR86 clade",NA,NA
"ASV72",3.20735563661341,3.58233123422518,2.03454921114597,-1.51109227077116,0.433752217423382,-3.3703211555404,0.000547999460257121,0.0216646506764907,0.365070508285921,0.133333333333333,0.797350416457916,"ALDEx2",0.365070508285921,-3.3703211555404,FALSE,"Bacteria","Proteobacteria","Alphaproteobacteria","Puniceispirillales","SAR116 clade",NA,NA
"ASV73",2.63948030289852,2.39773610174393,3.76073956377496,1.32470063546202,0.669147929509815,2.04655383686955,0.000547999460257121,0.0768909512331932,0.26702938805673,0,0,"ALDEx2",0.26702938805673,2.04655383686955,FALSE,"Bacteria","Bacteroidota","Bacteroidia","Flavobacteriales","Flavobacteriaceae","NS5 marine group",NA
"ASV74",2.4764269021611,2.82964645203567,1.74650094157523,-1.05013356194077,0.722107861007547,-1.40348220927758,0.0387751645274906,0.201589537535388,0.879769517388329,0.179166666666667,0.852511179519186,"ALDEx2",0.879769517388329,-1.40348220927758,FALSE,"Bacteria","Proteobacteria","Alphaproteobacteria","SAR11 clade","Clade I","Clade Ib",NA
"ASV76",0.185873301832379,0.818373631103155,-6.88681981823282,-8.09328696077963,3.0691988629317,-2.54810904925756,0.000547999460257121,0.0802720811049947,0.538839059021027,0.133333333333333,0.797350416457916,"ALDEx2",0.538839059021027,-2.54810904925756,FALSE,"Bacteria","Proteobacteria","Gammaproteobacteria","Enterobacterales","Colwelliaceae","Colwellia",NA
"ASV81",-4.87258367645184,0.66332448403709,-6.44337725646721,-6.01038031355262,7.61693957095559,-0.687147617340804,0.265626527726068,0.283974145949763,0.883741496954517,0.530208333333333,0.946981348622346,"ALDEx2",0.883741496954517,-0.687147617340804,FALSE,"Bacteria","Proteobacteria","Alphaproteobacteria","Rhodobacterales","Rhodobacteraceae","Pseudophaeobacter",NA
"ASV82",1.79665408823118,1.48878004983097,3.17323597026642,1.66246210812042,0.461747293926988,3.35655919197776,0.000547999460257121,0.00925766529533897,0.0785243798665004,0,0,"ALDEx2",0.0785243798665004,3.35655919197776,TRUE,"Bacteria","Dadabacteria","Dadabacteriia","Dadabacteriales",NA,NA,NA
"ASV85",2.80078860150383,1.69446681708096,3.1353804649062,1.9983934021809,1.67971081163143,1.02203465285458,0.100780707861439,0.123430838998152,0.38682186621466,0.108333333333333,0.263359682708292,"ALDEx2",0.38682186621466,1.02203465285458,FALSE,"Bacteria","Proteobacteria","Gammaproteobacteria","Pseudomonadales","SAR86 clade",NA,NA
"ASV92",1.3855498803758,1.2042865379452,1.6947715887147,0.34777802063283,0.591843482069883,0.54359267622008,0.224808178412025,0.409146898804967,0.766110375760076,0.327604166666666,0.63110753795773,"ALDEx2",0.766110375760076,0.54359267622008,FALSE,"Bacteria","Verrucomicrobiota","Verrucomicrobiae","Opitutales","Puniceicoccaceae","Coraliomargarita",NA
"ASV94",-4.81283118983085,-6.3109644653719,2.04410333713037,8.58006070893875,2.57255595067755,3.44489411155392,0.000547999460257121,0.00718563671699966,0.0640136561322669,0,0,"ALDEx2",0.0640136561322669,3.44489411155392,TRUE,"Bacteria","Proteobacteria","Alphaproteobacteria","Puniceispirillales","SAR116 clade",NA,NA
"ASV95",1.42147518139066,1.79526055835303,0.904703721108033,-0.918133624698004,0.687379191415772,-1.28775550202427,0.0625094885240508,0.178605445018807,0.824934397062202,0.211458333333333,0.870521977843078,"ALDEx2",0.824934397062202,-1.28775550202427,FALSE,"Bacteria","Proteobacteria","Alphaproteobacteria","SAR11 clade","Clade I","Clade Ib",NA
"ASV104",2.31905100584599,1.92812285229263,3.71836948975965,1.80849841074522,0.563713633683533,3.09511090812139,0.000547999460257121,0.00666679474152463,0.0680021630564259,0,0,"ALDEx2",0.0680021630564259,3.09511090812139,TRUE,"Bacteria","Bacteroidota","Bacteroidia","Flavobacteriales","Flavobacteriaceae","NS2b marine group",NA
"ASV108",2.98287061340488,3.04115168540881,2.90656326469321,-0.122088303684672,0.385895944009365,-0.305955336261067,0.375000678151136,0.784795552486315,0.989818332016911,0.735416666666666,0.98858552631579,"ALDEx2",0.989818332016911,-0.305955336261067,FALSE,"Bacteria","Proteobacteria","Alphaproteobacteria","SAR11 clade","Clade I","Clade Ia",NA
"ASV111",2.86846847645526,3.34544201896553,-0.266988331695076,-3.49112247533953,6.16464021754241,-0.985236652442447,0.125004358959289,0.458954408635683,1,0.261458333333333,0.976202408996216,"ALDEx2",1,-0.985236652442447,FALSE,"Bacteria","Proteobacteria","Gammaproteobacteria","Pseudomonadales","SAR86 clade",NA,NA
"ASV113",3.13782905694569,3.03828324212415,3.26860371078728,0.290460003451829,0.358360580180873,0.799896427355507,0.224808178412025,0.334577859035122,0.675375770105898,0.311979166666666,0.561485457306003,"ALDEx2",0.675375770105898,0.799896427355507,FALSE,"Bacteria","Cyanobacteria","Cyanobacteriia","Synechococcales","Cyanobiaceae","Cyanobium PCC-6307",NA
"ASV115",2.3131008848225,2.13186696685125,3.65898587688372,1.55258611935132,0.473366281909041,3.55384307172051,0.000547999460257121,0.0192279630248132,0.114348411852489,0,0,"ALDEx2",0.114348411852489,3.55384307172051,TRUE,"Bacteria","Actinobacteriota","Acidimicrobiia","Actinomarinales","Actinomarinaceae","Candidatus Actinomarina",NA
"ASV116",-1.67987077455851,1.65902323297949,-6.70095988533708,-7.98741476392824,5.10107672599203,-1.16503664762297,0.13281655334062,0.145090252582961,0.743612392246421,0.285416666666667,0.92366034274718,"ALDEx2",0.743612392246421,-1.16503664762297,FALSE,"Bacteria","Proteobacteria","Alphaproteobacteria","Rhodobacterales","Rhodobacteraceae","Sedimentitalea",NA
"ASV117",-2.42867183957422,-5.15042311257006,2.5702864080773,7.6394609969749,3.05184658510056,2.35437942207854,0.000547999460257121,0.0185619566438209,0.108823080790995,0,0,"ALDEx2",0.108823080790995,2.35437942207854,TRUE,"Bacteria","Chloroflexi","Dehalococcoidia","SAR202 clade",NA,NA,NA
"ASV118",0.750617017558492,0.480857978829914,1.46523443023452,1.08037160572507,0.690969914469171,1.56572922543776,0.0156646691693825,0.0666227235234907,0.242428778222206,0.00625,0.0161941727615592,"ALDEx2",0.242428778222206,1.56572922543776,TRUE,"Bacteria","Bacteroidota","Bacteroidia","Flavobacteriales","Flavobacteriaceae","NS4 marine group",NA
"ASV124",-1.36231097845747,-2.95835861761069,1.86393967058132,5.35141701235228,3.29150686754541,1.86785655281397,0.000547999460257121,0.0502052201605704,0.200785588307548,0,0,"ALDEx2",0.200785588307548,1.86785655281397,TRUE,"Bacteria","SAR324 clade(Marine group B)",NA,NA,NA,NA,NA
"ASV125",2.44005819691213,0.247732500274659,2.44005819691213,5.20249261712729,6.9619122078999,0.428814861593254,0.457364556151575,0.235893608984088,0.616518061083142,0.743749999999998,0.978765294147832,"ALDEx2",0.616518061083142,0.428814861593254,FALSE,"Bacteria","Proteobacteria","Gammaproteobacteria","Pseudomonadales","SAR86 clade",NA,NA
"ASV130",2.43696954651656,2.11606091526848,2.8227318891496,0.675481910101877,0.469511879376281,1.26854776104211,0.0625094885240508,0.112677917049131,0.340965085089697,0.0583333333333333,0.147671441822199,"ALDEx2",0.340965085089697,1.26854776104211,FALSE,"Bacteria","Proteobacteria","Alphaproteobacteria","SAR11 clade","Clade I","Clade Ia",NA
"ASV131",2.41097682894556,2.90185394244496,1.73084386249725,-1.16929098570454,0.537788276042951,-1.90177997285054,0.0312696412751581,0.0570612295336439,0.592311431126817,0.184375,0.85447978644458,"ALDEx2",0.592311431126817,-1.90177997285054,FALSE,"Bacteria","Cyanobacteria","Cyanobacteriia","Synechococcales","Cyanobiaceae","Synechococcus CC9902",NA
"ASV133",2.42606860518861,2.76992867189065,2.05976561226592,-0.65455918981641,0.464306860162799,-1.09877197188155,0.117192204319805,0.139818499564226,0.736542802505909,0.328125,0.924884603261152,"ALDEx2",0.736542802505909,-1.09877197188155,FALSE,"Bacteria","Proteobacteria","Alphaproteobacteria","SAR11 clade","Clade II",NA,NA
"ASV138",-0.595615437120432,-1.03919312935952,3.28052236980179,4.32832537876684,0.598800527786085,6.94230053338608,0.000547999460257121,0.00097402999679233,0.0292760701370454,0,0,"ALDEx2",0.0292760701370454,6.94230053338608,TRUE,"Bacteria","Verrucomicrobiota","Verrucomicrobiae","Verrucomicrobiales","DEV007",NA,NA
"ASV141",3.43828721657092,4.05047646610886,1.31215587887397,-2.50328017222112,1.01772366741735,-2.73775617052027,0.000547999460257121,0.0863826252860994,0.680239931602005,0.133333333333333,0.797350416457916,"ALDEx2",0.680239931602005,-2.73775617052027,FALSE,"Bacteria","Cyanobacteria","Cyanobacteriia","Synechococcales","Cyanobiaceae","Synechococcus CC9902",NA
"ASV143",0.751061248040214,-1.46782726096311,1.82754714761438,5.19531764173787,5.27589455436129,0.962526337949403,0.0310272461563087,0.126905256899491,0.394685467472702,0.021875,0.0569636746769586,"ALDEx2",0.394685467472702,0.962526337949403,FALSE,"Bacteria","Proteobacteria","Alphaproteobacteria","Rhodobacterales","Rhodobacteraceae",NA,NA
"ASV144",-4.94620003118844,-6.61138504494176,1.72013169588407,8.32083480943486,2.82567771907887,3.33001785873114,0.000547999460257121,0.00902506014052194,0.0718853342653043,0,0,"ALDEx2",0.0718853342653043,3.33001785873114,TRUE,"Bacteria","Marinimicrobia (SAR406 clade)",NA,NA,NA,NA,NA
"ASV147",2.47730012442511,2.48427729518931,2.46778924484314,-0.00515104228533891,0.478944224305012,-0.00590211715622597,0.5,0.847640029795035,0.98611394264712,0.761979166666666,0.94709957531983,"ALDEx2",0.98611394264712,-0.00590211715622597,FALSE,"Bacteria","Proteobacteria","Alphaproteobacteria","Thalassobaculales","Nisaeaceae","OM75 clade",NA
"ASV155",2.0131127303982,2.30633343629853,1.73380250720001,-0.475530085170932,0.589344332087864,-0.570440820170265,0.265626527726068,0.429495452995385,0.976877742313588,0.572395833333332,0.999759615384615,"ALDEx2",0.976877742313588,-0.570440820170265,FALSE,"Bacteria","Proteobacteria","Alphaproteobacteria","SAR11 clade","Clade I","Clade Ia",NA
"ASV157",2.03519990555013,2.13595936774478,1.84493728341292,-0.246436742688394,0.473072457810762,-0.487132291306188,0.302326754637769,0.504683172838948,0.93799783648444,0.6125,0.984966117740904,"ALDEx2",0.93799783648444,-0.487132291306188,FALSE,"Bacteria","Proteobacteria","Alphaproteobacteria","Rhodospirillales","AEGEAN-169 marine group",NA,NA
"ASV165",-0.859573910932997,-5.29522626184521,2.10832319696754,7.46278551199433,4.57247312641317,1.42217370197518,0.000547999460257121,0.0529131794475944,0.212292793704957,0,0,"ALDEx2",0.212292793704957,1.42217370197518,TRUE,"Bacteria","Proteobacteria","Alphaproteobacteria","SAR11 clade","Clade III",NA,NA
"ASV170",1.37386351513552,0.811742809217807,1.78004667823091,0.972388499329903,1.46488290275201,0.598291948688478,0.170545551162404,0.272060543704855,0.673759104174328,0.151041666666666,0.361041411163423,"ALDEx2",0.673759104174328,0.598291948688478,FALSE,"Bacteria","Bacteroidota","Bacteroidia","Flavobacteriales","Flavobacteriaceae","NS5 marine group",NA
"ASV171",-4.99703721923774,-6.54804121147913,1.91112805603702,8.51589356729032,2.81393660869012,3.21304774167934,0.000547999460257121,0.01018832411948,0.0766837709540311,0,0,"ALDEx2",0.0766837709540311,3.21304774167934,TRUE,"Bacteria","Bacteroidota","Bacteroidia","Flavobacteriales","Flavobacteriaceae","NS5 marine group",NA
"ASV173",1.52398218471994,1.36595129684001,1.62852331590841,0.311064264075395,0.839708391857715,0.318740485815091,0.379845599803593,0.641515128997464,0.962717736003856,0.552604166666665,0.920694990700211,"ALDEx2",0.962717736003856,0.318740485815091,FALSE,"Bacteria","Proteobacteria","Gammaproteobacteria","Pseudomonadales","SAR86 clade",NA,NA
"ASV174",1.46067126910615,0.976494675970464,3.20337752601038,2.18989690872157,0.589617648546528,3.64126004652727,0.000547999460257121,0.00864395215748368,0.0716446721038643,0,0,"ALDEx2",0.0716446721038643,3.64126004652727,TRUE,"Bacteria","Bacteroidota","Bacteroidia","Flavobacteriales","Flavobacteriaceae","NS4 marine group",NA
"ASV176",0.553919815811323,-0.0243851701094489,1.61882125725302,1.73918580812301,1.26063469478661,1.20827886829958,0.00782930484115282,0.160742343385158,0.459744858217744,0.00520833333333333,0.0141426869675766,"ALDEx2",0.459744858217744,1.20827886829958,FALSE,"Bacteria","Proteobacteria","Gammaproteobacteria","Pseudomonadales","SAR86 clade",NA,NA
"ASV178",2.13579281018084,1.9156290111251,3.61093428954421,1.72130968529762,0.437124938116116,4.24656797632743,0.000547999460257121,0.00814889761810707,0.072775177452018,0,0,"ALDEx2",0.072775177452018,4.24656797632743,TRUE,"Bacteria","Bacteroidota","Bacteroidia","Flavobacteriales","NS9 marine group",NA,NA
"ASV179",1.96442943647465,1.99620480510882,1.96442943647465,0.107916266782896,0.847782897543311,0.137437598660702,0.472868353320776,0.886617318555945,0.997411087151019,0.794270833333332,0.999594907407407,"ALDEx2",0.997411087151019,0.137437598660702,FALSE,"Bacteria","Proteobacteria","Gammaproteobacteria","Pseudomonadales","SAR86 clade",NA,NA
"ASV182",2.55727756441861,2.61495777987136,2.48381979296201,-0.099435749980552,0.62206712830006,-0.112716803843772,0.441860760246363,0.858945563803634,0.995162252156694,0.829166666666666,0.985883141153756,"ALDEx2",0.995162252156694,-0.112716803843772,FALSE,"Bacteria","Proteobacteria","Alphaproteobacteria","SAR11 clade","Clade I","Clade Ia",NA
"ASV184",2.08747840854667,2.1204160242999,1.84516328631394,-0.286603932275612,0.947090413768178,-0.227029768353595,0.406250494200147,0.766027998724642,1,0.818229166666666,0.99302592354454,"ALDEx2",1,-0.227029768353595,FALSE,"Bacteria","Proteobacteria","Gammaproteobacteria","Pseudomonadales","SAR86 clade",NA,NA
"ASV185",-1.47514104948457,-2.05199157884349,3.00618027542021,5.09231534673892,1.22326748442809,4.81408315154614,0.000547999460257121,0.0227571932840159,0.115591248791495,0,0,"ALDEx2",0.115591248791495,4.81408315154614,TRUE,"Bacteria","Verrucomicrobiota","Verrucomicrobiae","Pedosphaerales","Pedosphaeraceae","SCGC AAA164-E04",NA
"ASV188",2.19669214394091,2.24870470340757,2.19550187119947,-0.111642024131767,1.28293735920162,-0.0835504833392774,0.472868353320776,0.732742773511441,0.992506039139637,0.780208333333332,0.999594907407407,"ALDEx2",0.992506039139637,-0.0835504833392774,FALSE,"Bacteria","Proteobacteria","Gammaproteobacteria","Pseudomonadales","Halieaceae","OM60(NOR5) clade",NA
"ASV190",-4.92157615624053,-0.393452946999127,-6.47267297318094,-6.58981920612303,7.07977972716677,-0.755294763404034,0.218752092515224,0.290568830927378,0.898426916452928,0.5515625,0.967201372580978,"ALDEx2",0.898426916452928,-0.755294763404034,FALSE,"Bacteria","Proteobacteria","Gammaproteobacteria","Enterobacterales","Alteromonadaceae","Alteromonas",NA
"ASV191",2.07859757316623,2.03316193948271,2.1239176152699,-0.00168923084410189,0.472161416660874,-0.00207022974518256,0.5,0.810390802321701,0.980137244914134,0.668229166666666,0.890234871720334,"ALDEx2",0.980137244914134,-0.00207022974518256,FALSE,"Bacteria","Proteobacteria","Alphaproteobacteria","SAR11 clade","Clade IV",NA,NA
"ASV192",1.92734287488201,1.63703937691538,2.44861167546386,0.811860174170026,0.413394234656219,1.93018297642661,0.0155432426385351,0.042782775027558,0.180592648844412,0.0114583333333333,0.0294699125210486,"ALDEx2",0.180592648844412,1.93018297642661,TRUE,"Bacteria","Bacteroidota","Bacteroidia","Flavobacteriales","Flavobacteriaceae","NS2b marine group",NA
"ASV198",1.38844731600788,1.71614913853786,-0.68793013616145,-0.757246240197003,7.19458381316928,-0.293553497305564,0.312501109694578,0.703761700845802,1,0.640624999999999,1,"ALDEx2",1,-0.293553497305564,FALSE,"Bacteria","Proteobacteria","Alphaproteobacteria","SAR11 clade","Clade I","Clade Ia",NA
"ASV199",0.510352709043824,0.144454315777151,1.70194322005952,1.49762731636051,1.08235681616943,1.30875966563849,0.000547999460257121,0.158244098636268,0.458485867725368,0,0,"ALDEx2",0.458485867725368,1.30875966563849,FALSE,"Bacteria","Proteobacteria","Gammaproteobacteria","Pseudomonadales","SAR86 clade",NA,NA
"ASV202",2.15841132014634,1.8558207578321,2.61558074720064,0.722453736499008,0.625638666989292,1.07657393614862,0.0387751645274906,0.0793480420566095,0.275682143662318,0.03125,0.0790649500064832,"ALDEx2",0.275682143662318,1.07657393614862,FALSE,"Bacteria","Proteobacteria","Gammaproteobacteria","Ectothiorhodospirales","Ectothiorhodospiraceae",NA,NA
"ASV204",2.07664540839263,1.64231028267235,3.05131887626594,1.36857521979089,0.410898651138682,2.64163662943595,0.00782930484115282,0.0194696582544824,0.112762511322828,0.00208333333333333,0.00544242873009996,"ALDEx2",0.112762511322828,2.64163662943595,TRUE,"Bacteria","Proteobacteria","Gammaproteobacteria","Thiotrichales","Thiotrichaceae",NA,NA
"ASV206",-0.471737133346749,-0.960720041605521,3.31398841696096,4.2816488963563,0.571188541650341,7.51984566607285,0.000547999460257121,0.000767108302402796,0.0266843594062192,0,0,"ALDEx2",0.0266843594062192,7.51984566607285,TRUE,"Bacteria","Proteobacteria","Gammaproteobacteria","Pseudomonadales","SAR86 clade",NA,NA
"ASV207",1.99948260817644,1.77959128710143,2.18884508482001,0.401160125396807,0.843614949143602,0.563358687341819,0.14844103615476,0.340048290380746,0.785457073804428,0.247916666666666,0.46933376014322,"ALDEx2",0.785457073804428,0.563358687341819,FALSE,"Bacteria","Proteobacteria","Alphaproteobacteria","SAR11 clade","Clade II",NA,NA
"ASV209",-2.38983487220553,-5.28797241161446,1.88682140644451,7.15269626551752,3.46245844651611,2.1180107905441,0.000547999460257121,0.0254557050804581,0.131107006459862,0,0,"ALDEx2",0.131107006459862,2.1180107905441,TRUE,"Bacteria","SAR324 clade(Marine group B)",NA,NA,NA,NA,NA
"ASV211",1.53046845151061,1.17787315186029,2.2369547517601,1.04658685496184,0.593557309837836,1.53540859380988,0.0468878823465655,0.0913490388190101,0.293415669125568,0.0375,0.0993708917369933,"ALDEx2",0.293415669125568,1.53540859380988,FALSE,"Bacteria","Bacteroidota","Bacteroidia","Flavobacteriales","Flavobacteriaceae","NS4 marine group",NA
"ASV223",-4.8539718670673,-1.28903640433922,-6.4114218882254,-4.46744161504408,6.33217989287461,-0.656243523088065,0.271319277489628,0.349032140463637,0.911993565672829,0.540104166666666,0.958581869447201,"ALDEx2",0.911993565672829,-0.656243523088065,FALSE,"Bacteria","Proteobacteria","Gammaproteobacteria","Pseudomonadales","Cellvibrionaceae","Aestuariicella",NA
"ASV224",1.78387171111236,1.97019746515853,-6.02668677114588,-8.14312348066792,2.43478480593348,-3.44139193621324,0.000547999460257121,0.0982618342153369,0.619314942446632,0.133333333333333,0.797350416457916,"ALDEx2",0.619314942446632,-3.44139193621324,FALSE,"Bacteria","Proteobacteria","Alphaproteobacteria","SAR11 clade","Clade I","Clade Ib",NA
"ASV227",1.67325589025888,1.4771366977101,2.00847307715665,0.461238978365532,0.447089947620602,1.00527341964647,0.187502608145345,0.237273029813946,0.548277428257329,0.175,0.385129048691446,"ALDEx2",0.548277428257329,1.00527341964647,FALSE,"Bacteria","Proteobacteria","Alphaproteobacteria","Rickettsiales","S25-593",NA,NA
"ASV232",-3.25494697511841,-5.27458653326612,2.27815211442644,7.32765598607446,3.14332383707891,2.55726423122468,0.000547999460257121,0.0183950727577878,0.107275485188924,0,0,"ALDEx2",0.107275485188924,2.55726423122468,TRUE,"Bacteria","Chloroflexi","Dehalococcoidia","SAR202 clade",NA,NA,NA
"ASV234",2.09005547854821,2.0920033157966,2.0806659261949,0.0050091121911322,0.572025971655914,0.00688632737915972,0.492187539745284,0.81209708340139,0.977473343704875,0.695833333333332,0.934981973810956,"ALDEx2",0.977473343704875,0.00688632737915972,FALSE,"Bacteria","Cyanobacteria","Cyanobacteriia","Synechococcales","Cyanobiaceae","Cyanobium PCC-6307",NA
"ASV236",-4.88467363619443,-0.718761735201866,-6.44562735652138,-5.96071035098933,6.40383670947792,-0.775083066790499,0.248063706377386,0.315505751379296,0.908615337120062,0.528645833333333,0.964967200855334,"ALDEx2",0.908615337120062,-0.775083066790499,FALSE,"Bacteria","Bacteroidota","Bacteroidia","Flavobacteriales","Flavobacteriaceae","Aurantivirga",NA
"ASV241",1.43846243341436,1.15981548656399,2.34417961290249,1.24447655152341,0.504712252712805,2.38273591485537,0.000547999460257121,0.0337917529015398,0.154925046765708,0.00104166666666667,0.00298507462686567,"ALDEx2",0.154925046765708,2.38273591485537,TRUE,"Bacteria","Marinimicrobia (SAR406 clade)",NA,NA,NA,NA,NA
"ASV242",2.03412487855539,2.20973513414089,2.03412487855539,-0.657388889646922,1.89077354975939,-0.23862951428422,0.492187539745284,0.866377856075599,1,0.799999999999998,1,"ALDEx2",1,-0.23862951428422,FALSE,"Bacteria","Proteobacteria","Gammaproteobacteria","Pseudomonadales","SAR86 clade",NA,NA
"ASV243",1.82288020492413,1.99024953637772,1.61144991728406,-0.396334473608974,0.418475856738454,-0.880432967184543,0.140628780821066,0.251492071959359,0.823239699674624,0.390625,0.920732140967391,"ALDEx2",0.823239699674624,-0.880432967184543,FALSE,"Bacteria","Bacteroidota","Bacteroidia","Flavobacteriales","Flavobacteriaceae","NS4 marine group",NA
"ASV248",-5.08295830988716,-1.10774704226109,-6.45605243011419,-4.63743524029574,6.80927810115542,-0.709678349553009,0.2868230100843,0.354826411115714,0.923431959117065,0.560416666666666,0.968907327485663,"ALDEx2",0.923431959117065,-0.709678349553009,FALSE,"Bacteria","Proteobacteria","Gammaproteobacteria","Enterobacterales","Alteromonadaceae","Alteromonas","australica"
"ASV249",2.15744188394459,2.42028245919813,1.88234052790789,-0.552236862915306,0.523244493048044,-0.789550367527573,0.248063706377386,0.333911934908063,0.91472792724915,0.525520833333333,0.99272644634777,"ALDEx2",0.91472792724915,-0.789550367527573,FALSE,"Bacteria","Proteobacteria","Alphaproteobacteria","SAR11 clade","Clade I","Clade Ia",NA
"ASV252",0.915264427089211,0.462194317454387,1.86648454090749,1.42168837246408,0.557678037937047,2.18730091300131,0.00782930484115282,0.0493744481715602,0.192853576887678,0.00729166666666667,0.0197023264754614,"ALDEx2",0.192853576887678,2.18730091300131,TRUE,"Bacteria","Proteobacteria","Alphaproteobacteria","Defluviicoccales",NA,NA,NA
"ASV254",-4.69371154808636,-6.25680969960382,1.94547580759875,8.29046703267482,2.81802329952848,3.30280134353159,0.000547999460257121,0.0115756054055952,0.0816021518771569,0,0,"ALDEx2",0.0816021518771569,3.30280134353159,TRUE,"Bacteria","Proteobacteria","Gammaproteobacteria","Pseudomonadales","SAR86 clade",NA,NA
"ASV256",-4.65166478269674,-0.267710518765898,-6.20855997443007,-5.47267747014475,5.88447970076981,-0.84283944980756,0.209304524505175,0.326700988068424,0.902112839080902,0.555208333333333,0.965326090052064,"ALDEx2",0.902112839080902,-0.84283944980756,FALSE,"Bacteria","Proteobacteria","Alphaproteobacteria","Rhodobacterales","Rhodobacteraceae","Amylibacter",NA
"ASV258",1.03768543952539,1.52086073462065,-0.225223919229138,-1.70919748688552,0.683025163192077,-2.50896516699623,0.000547999460257121,0.0462336351768402,0.4750174572753,0.134375,0.798496249791249,"ALDEx2",0.4750174572753,-2.50896516699623,FALSE,"Bacteria","Proteobacteria","Alphaproteobacteria","Parvibaculales","OCS116 clade",NA,NA
"ASV259",1.33917374580739,1.09828922901429,2.37701949964863,1.34078130361169,0.487812859547314,2.69502702495106,0.000547999460257121,0.0269527766478611,0.132981775139616,0,0,"ALDEx2",0.132981775139616,2.69502702495106,TRUE,"Bacteria","Proteobacteria","Alphaproteobacteria","SAR11 clade","Clade I","Clade Ib",NA
"ASV261",0.536756442697343,0.180296743814228,1.5056774721756,1.33284200636044,0.781399363343049,1.6420396325143,0.00782930484115282,0.192456815429071,0.52640615987784,0.00416666666666667,0.0107909757081709,"ALDEx2",0.52640615987784,1.6420396325143,FALSE,"Bacteria","Proteobacteria","Alphaproteobacteria","Rhodospirillales","AEGEAN-169 marine group",NA,NA
"ASV263",2.09092275032993,2.30574552522526,1.92863875564644,-0.355507794499965,0.55706931485113,-0.462308615577122,0.320313549445968,0.480180298718236,0.958049938683454,0.668749999999999,0.98900086819785,"ALDEx2",0.958049938683454,-0.462308615577122,FALSE,"Bacteria","Proteobacteria","Alphaproteobacteria","SAR11 clade","Clade I","Clade Ib",NA
"ASV267",1.28865288227298,1.01839517166256,1.68985126635623,0.684756988571651,0.588204588236879,1.14501466963723,0.0852779721736082,0.145825212265134,0.408779137523925,0.115625,0.252279223218748,"ALDEx2",0.408779137523925,1.14501466963723,FALSE,"Bacteria","Proteobacteria","Alphaproteobacteria","Rhodospirillales","AEGEAN-169 marine group",NA,NA
"ASV270",1.54426736805747,1.75954308151225,1.17127194029218,-0.523033161355953,0.691651760114877,-0.562538137682875,0.289063805130234,0.572216330592556,0.984935483345435,0.597916666666666,0.999614477503628,"ALDEx2",0.984935483345435,-0.562538137682875,FALSE,"Bacteria","Proteobacteria","Alphaproteobacteria","SAR11 clade","Clade I","Clade Ib",NA
"ASV271",1.14879309114068,0.874081808134001,1.87153636409326,0.960252590549667,0.59483873219158,1.65675852934295,0.0156646691693825,0.0508944915605725,0.198097493519008,0.0104166666666667,0.0243833632671668,"ALDEx2",0.198097493519008,1.65675852934295,TRUE,"Bacteria","Dadabacteria","Dadabacteriia","Dadabacteriales",NA,NA,NA
"ASV272",1.73150975255629,1.75938906284243,1.7039963007804,-0.0495047134661952,0.588723815866008,-0.0567671750558226,0.457364556151575,0.777525726388184,0.967239689031337,0.749479166666666,0.93084960560881,"ALDEx2",0.967239689031337,-0.0567671750558226,FALSE,"Bacteria","Proteobacteria","Gammaproteobacteria","Pseudomonadales","SAR86 clade",NA,NA
"ASV275",0.973705971231871,0.77393670514163,1.45051248163675,0.670492998788077,0.690648261932048,0.883461202437467,0.140628780821066,0.279029975394404,0.637111272178135,0.163541666666666,0.372474493513642,"ALDEx2",0.637111272178135,0.883461202437467,FALSE,"Bacteria","Proteobacteria","Gammaproteobacteria","UBA10353 marine group",NA,NA,NA
"ASV277",1.28518180952186,1.21291414491907,1.53699681662894,0.382977847875619,0.978528382021181,0.149958406457354,0.294574880995797,0.360779366771391,0.814528247713643,0.366145833333333,0.678077516932771,"ALDEx2",0.814528247713643,0.149958406457354,FALSE,"Bacteria","Proteobacteria","Alphaproteobacteria","Rhodospirillales","AEGEAN-169 marine group",NA,NA
"ASV280",1.62880891140936,1.5793259011516,1.68149653787007,0.0652423140300691,0.505177850592894,0.154473999294063,0.429687864834544,0.747694494526696,0.938782137910014,0.621874999999999,0.859858430137891,"ALDEx2",0.938782137910014,0.154473999294063,FALSE,"Bacteria","Proteobacteria","Alphaproteobacteria","SAR11 clade","Clade I","Clade Ib",NA
"ASV283",0.756814417754762,-0.070240361148838,1.24753179181566,1.38553068950627,1.29325839797521,0.87438442773925,0.1093800979602,0.226260939473423,0.593057439771009,0.132291666666666,0.317804969579261,"ALDEx2",0.593057439771009,0.87438442773925,FALSE,"Bacteria","Proteobacteria","Gammaproteobacteria","Pseudomonadales","SAR86 clade",NA,NA
"ASV289",-0.480836932445216,-5.26335662611208,1.81960334831601,7.11346569282297,4.81979650577673,1.41752050626651,0.000547999460257121,0.0537078887719252,0.214752858390792,0,0,"ALDEx2",0.214752858390792,1.41752050626651,TRUE,"Bacteria","Proteobacteria","Alphaproteobacteria","Puniceispirillales","SAR116 clade","Candidatus Puniceispirillum",NA
"ASV290",1.33107583226144,1.71775359859829,-6.53919409682417,-8.23128400172067,2.81952730872685,-2.85469817871449,0.000547999460257121,0.110266262518601,0.644555667867648,0.133333333333333,0.797350416457916,"ALDEx2",0.644555667867648,-2.85469817871449,FALSE,"Bacteria","Proteobacteria","Alphaproteobacteria","SAR11 clade","Clade I","Clade Ib",NA
"ASV295",0.891015174589645,0.679243712294806,1.49400963510155,0.832799307576429,0.459269021395711,1.89721190278168,0.0387751645274906,0.0759850314082288,0.253431035329998,0.0364583333333333,0.0924800366959188,"ALDEx2",0.253431035329998,1.89721190278168,FALSE,"Bacteria","Proteobacteria","Alphaproteobacteria","Puniceispirillales","SAR116 clade",NA,NA
"ASV305",1.53213656283398,1.12950264856023,2.0014434263341,0.796702004103841,0.535159440871415,1.38149665285582,0.0625094885240508,0.097993897975113,0.310600137524923,0.0760416666666666,0.184489995701278,"ALDEx2",0.310600137524923,1.38149665285582,FALSE,"Bacteria","Bacteroidota","Bacteroidia","Flavobacteriales","NS7 marine group",NA,NA
"ASV306",1.57701450091479,1.18282861382211,1.80840187460226,0.666046462760457,1.09729213472798,0.426602359464389,0.14844103615476,0.302739521941828,0.724476865615928,0.2125,0.407410531254304,"ALDEx2",0.724476865615928,0.426602359464389,FALSE,"Bacteria","Proteobacteria","Alphaproteobacteria","SAR11 clade","Clade I","Clade Ib",NA
"ASV311",-4.75191310724804,-6.43517876563275,2.28108030856271,8.79645386205085,2.7112393045608,3.86161667156391,0.000547999460257121,0.00914131957163665,0.071193709572474,0,0,"ALDEx2",0.071193709572474,3.86161667156391,TRUE,"Bacteria","Bacteroidota","Bacteroidia","Flavobacteriales","Flavobacteriaceae","NS4 marine group",NA
"ASV312",-0.620943221606275,-1.51529418330273,1.60051552244422,3.27079687900884,1.46508772814759,2.06802447440321,0.000547999460257121,0.0651439590953623,0.239009048824889,0,0,"ALDEx2",0.239009048824889,2.06802447440321,TRUE,"Bacteria","Bacteroidota","Rhodothermia","Balneolales","Balneolaceae","Balneola",NA
"ASV319",-4.63580218677433,0.57680712919294,-6.37357134790299,-6.43658169002547,6.93144638558158,-0.738193858308532,0.203127332012097,0.290945220040706,0.895449838890678,0.524479166666666,0.956091815099124,"ALDEx2",0.895449838890678,-0.738193858308532,FALSE,"Bacteria","Proteobacteria","Gammaproteobacteria","Pseudomonadales","Saccharospirillaceae","Oleispira",NA
"ASV322",1.803414153339,1.99358148323138,1.06215147191445,-0.991026462900623,0.449399914146033,-1.91422130757052,0.0156646691693825,0.102311885870812,0.629138228290136,0.1375,0.801271247242337,"ALDEx2",0.629138228290136,-1.91422130757052,FALSE,"Bacteria","Proteobacteria","Alphaproteobacteria","Puniceispirillales","SAR116 clade",NA,NA
"ASV323",-0.974742712167397,-5.34221418498383,1.24657949368241,6.9342845410105,4.81545031510401,1.3882694926761,0.203127332012097,0.0965595125174662,0.32602445619246,0.248958333333333,0.572000472881671,"ALDEx2",0.32602445619246,1.3882694926761,FALSE,"Bacteria","Proteobacteria","Alphaproteobacteria","SAR11 clade","Clade III",NA,NA
"ASV324",1.44650416669708,2.01512585224858,0.366797414421882,-1.58970844506077,0.570015983917536,-2.5405033510055,0.023281977911024,0.0378176288682115,0.472226346313186,0.147916666666667,0.813488722494086,"ALDEx2",0.472226346313186,-2.5405033510055,FALSE,"Bacteria","Proteobacteria","Gammaproteobacteria","Pseudomonadales","SAR86 clade",NA,NA
"ASV336",0.979769107229204,0.623001537974556,1.96761396955763,1.3347978656709,0.778205218833949,1.73179833933185,0.000547999460257121,0.189254873962188,0.522428156862472,0.00104166666666667,0.00253164556962025,"ALDEx2",0.522428156862472,1.73179833933185,FALSE,"Bacteria","Bacteroidota","Bacteroidia","Flavobacteriales","Flavobacteriaceae","NS5 marine group",NA
"ASV345",1.03463003611408,1.2967224327323,0.656345752928267,-0.643184348899781,0.661623592553992,-0.886348557481654,0.186049106949428,0.268579629007274,0.868984447981972,0.366666666666666,0.935131959855213,"ALDEx2",0.868984447981972,-0.886348557481654,FALSE,"Bacteria","Proteobacteria","Alphaproteobacteria","Puniceispirillales","SAR116 clade",NA,NA
"ASV346",1.23538278804078,1.67121335290169,-2.41750613937017,-3.89037052166152,3.65257572353421,-1.57519162558922,0.000547999460257121,0.300703388228454,0.977361877211143,0.133333333333333,0.797350416457916,"ALDEx2",0.977361877211143,-1.57519162558922,FALSE,"Archaea","Crenarchaeota","Nitrososphaeria","Nitrosopumilales","Nitrosopumilaceae","Candidatus Nitrosopumilus",NA
"ASV347",-4.64758468971883,-0.883775006481789,-6.30058995424775,-5.68698481286501,6.75261995011822,-0.755145440144133,0.209304524505175,0.320838786532702,0.914053076532334,0.513541666666666,0.971162932453315,"ALDEx2",0.914053076532334,-0.755145440144133,FALSE,"Bacteria","Proteobacteria","Gammaproteobacteria","Enterobacterales","Alteromonadaceae","Alteromonas","genovensis"
"ASV348",0.256497841039709,-0.342127187368152,1.92219325648848,2.13670255081815,0.701351625243685,2.97818807087288,0.000547999460257121,0.0112401793826475,0.0831893329556882,0,0,"ALDEx2",0.0831893329556882,2.97818807087288,TRUE,"Bacteria","Marinimicrobia (SAR406 clade)",NA,NA,NA,NA,NA
"ASV353",0.449498873153374,-0.0681328101603862,1.6722280120128,1.7702161745504,1.12162258892212,1.27719866620408,0.0156646691693825,0.159024755219067,0.459041505604209,0.015625,0.0420566417284918,"ALDEx2",0.459041505604209,1.27719866620408,FALSE,"Bacteria","Proteobacteria","Alphaproteobacteria","Rickettsiales","S25-593",NA,NA
"ASV358",1.35755938756151,1.18663198191607,1.5741609163897,0.45540093008302,0.509231602678666,0.83269070694163,0.19380090298063,0.228980449554249,0.544759377776322,0.209895833333333,0.40036295103309,"ALDEx2",0.544759377776322,0.83269070694163,FALSE,"Bacteria","Proteobacteria","Alphaproteobacteria","SAR11 clade","Clade I","Clade Ia",NA
"ASV361",0.544048444995553,0.852767882096375,-6.5774348122395,-7.41459818409184,2.7561841847629,-2.77557735882759,0.000547999460257121,0.120846806931701,0.674657386623305,0.133333333333333,0.797350416457916,"ALDEx2",0.674657386623305,-2.77557735882759,FALSE,"Bacteria","Proteobacteria","Alphaproteobacteria","SAR11 clade","Clade I","Clade Ib",NA
"ASV362",-0.349287839642196,-0.69466236635876,2.43247355113628,3.13164228336154,0.592400217274863,5.41477793672272,0.000547999460257121,0.0033128956160445,0.0451634724736696,0,0,"ALDEx2",0.0451634724736696,5.41477793672272,TRUE,"Bacteria","Bacteroidota","Bacteroidia","Flavobacteriales","Flavobacteriaceae","NS5 marine group",NA
"ASV364",-4.91914211975045,-6.39898940754228,2.23077562984927,8.35000624085748,2.71103468551605,3.16462980415233,0.000547999460257121,0.00968327510522044,0.0731246402796655,0,0,"ALDEx2",0.0731246402796655,3.16462980415233,TRUE,"Bacteria","Planctomycetota","Planctomycetes","Pirellulales","Pirellulaceae","Rhodopirellula",NA
"ASV375",0.225022050019076,0.967148663487593,-0.0503776421730704,-0.940795708079287,1.17924788786048,-0.670817775521262,0.317830509222098,0.461465933415901,0.974786507173332,0.661979166666666,1,"ALDEx2",0.974786507173332,-0.670817775521262,FALSE,"Bacteria","Proteobacteria","Gammaproteobacteria","Pseudomonadales","Porticoccaceae","SAR92 clade",NA
"ASV376",1.03487339560206,1.37332085670131,-1.84662337355328,-3.59957355116638,3.74632443840984,-1.2518543001724,0.0155432426385351,0.395393466300133,0.999886774555266,0.140625,0.80326944660045,"ALDEx2",0.999886774555266,-1.2518543001724,FALSE,"Bacteria","Proteobacteria","Alphaproteobacteria","Rhodospirillales","AEGEAN-169 marine group",NA,NA
"ASV378",1.51759542381601,1.61327753914314,1.38131095647397,-0.183643997933839,0.585211861990881,-0.330446971037101,0.390625584253894,0.639858310920682,0.98162543179467,0.713020833333333,0.984748472746348,"ALDEx2",0.98162543179467,-0.330446971037101,FALSE,"Bacteria","Proteobacteria","Alphaproteobacteria","SAR11 clade","Clade II",NA,NA
"ASV379",1.44508994969126,1.19447476379938,2.53097429441654,1.36403429910056,0.521111988239581,2.58339309346252,0.000547999460257121,0.0596498474597549,0.221919714042337,0,0,"ALDEx2",0.221919714042337,2.58339309346252,TRUE,"Bacteria","Proteobacteria","Alphaproteobacteria","Parvibaculales","OCS116 clade",NA,NA
"ASV383",-1.38259297919303,1.16452184398065,-6.33816867632349,-7.97413766636487,5.47182525003768,-1.35284486438425,0.108532196382724,0.157004894400366,0.7634406767655,0.297916666666667,0.909861742145466,"ALDEx2",0.7634406767655,-1.35284486438425,FALSE,"Bacteria","Proteobacteria","Gammaproteobacteria","Pseudomonadales","Saccharospirillaceae","Oleispira",NA
"ASV384",-4.88380572718518,-0.440144414737755,-6.0484007791504,-5.09632278779231,6.65362121045112,-0.680506631735095,0.310078630782153,0.351355510559623,0.929178618356728,0.593229166666666,0.973587361034523,"ALDEx2",0.929178618356728,-0.680506631735095,FALSE,"Bacteria","Proteobacteria","Gammaproteobacteria","Enterobacterales","Alteromonadaceae",NA,NA
"ASV385",-0.00993965291191756,-0.353412289987062,1.90482868971609,2.29502539384493,0.894395527130365,2.52065353176169,0.000547999460257121,0.0968652644692144,0.320022805432438,0,0,"ALDEx2",0.320022805432438,2.52065353176169,FALSE,"Bacteria","Bacteroidota","Bacteroidia","Flavobacteriales","Flavobacteriaceae","NS5 marine group",NA
"ASV386",1.55917179974275,2.08896000051768,0.550025360544057,-1.5023671937279,0.659149123793001,-2.06497539435932,0.0310272461563087,0.0500933583127847,0.52595134736335,0.153125,0.817127610610336,"ALDEx2",0.52595134736335,-2.06497539435932,FALSE,"Bacteria","Cyanobacteria","Cyanobacteriia","Synechococcales","Cyanobiaceae","Synechococcus CC9902",NA
"ASV393",1.77316078364847,1.60587938594361,1.95129174004154,0.327601917085734,0.850601554074423,0.4460886803239,0.302326754637769,0.482287261527947,0.845758633689113,0.374479166666666,0.704243275710526,"ALDEx2",0.845758633689113,0.4460886803239,FALSE,"Bacteria","Proteobacteria","Gammaproteobacteria","Pseudomonadales","SAR86 clade",NA,NA
"ASV399",1.43925055135765,1.97019147933986,-6.54405505644858,-8.37193375116033,2.78217351155297,-3.23255466183903,0.000547999460257121,0.105549138440069,0.648834427892338,0.133333333333333,0.797350416457916,"ALDEx2",0.648834427892338,-3.23255466183903,FALSE,"Bacteria","Proteobacteria","Alphaproteobacteria","SAR11 clade","Clade II",NA,NA
"ASV402",1.89960697879297,1.84240445722801,1.95350565681698,0.177446686363002,0.763436638436078,0.0306275660809044,0.434108862921588,0.407916638802933,0.877353155007807,0.615624999999999,0.901396712998244,"ALDEx2",0.877353155007807,0.0306275660809044,FALSE,"Bacteria","Proteobacteria","Alphaproteobacteria","SAR11 clade","Clade I","Clade Ia",NA
"ASV406",0.761816250179296,-0.521551103681547,0.933486923588024,0.979666623820503,4.19917021851925,0.44764195156415,0.410853174248917,0.310410696510637,0.73342683331602,0.599999999999999,0.992904240495409,"ALDEx2",0.73342683331602,0.44764195156415,FALSE,"Bacteria","Proteobacteria","Alphaproteobacteria","SAR11 clade","Clade II",NA,NA
"ASV412",1.09588019632277,1.26460976508435,0.829990653164563,-0.434507361142406,0.713512570953945,-0.568128906888346,0.257814109363974,0.428263939419607,0.963855044934462,0.507812499999999,0.984538786940322,"ALDEx2",0.963855044934462,-0.568128906888346,FALSE,"Bacteria","Proteobacteria","Alphaproteobacteria","SAR11 clade","Clade I","Clade Ib",NA
"ASV413",0.966877092822021,0.661807116855328,1.52084717673754,0.87867599549276,1.19732342709541,0.560720818697091,0.164065614388277,0.278284579339082,0.68230048353505,0.183333333333333,0.423341101023214,"ALDEx2",0.68230048353505,0.560720818697091,FALSE,"Bacteria","Proteobacteria","Alphaproteobacteria","Rhodobacterales","Rhodobacteraceae",NA,NA
"ASV416",1.58727515383626,1.58617868670087,1.59544856164763,-0.0156173674589404,0.666573104042936,-0.0196018685175808,0.488372151282746,0.86281661403593,0.985627476279021,0.777604166666666,0.963433620416822,"ALDEx2",0.985627476279021,-0.0196018685175808,FALSE,"Bacteria","Proteobacteria","Alphaproteobacteria","SAR11 clade","Clade IV",NA,NA
"ASV420",1.65082619112706,-0.13807848495204,1.65156645862212,3.41884139466294,5.6432893116429,0.223553586979044,0.476562619469233,0.255624382768232,0.649791076051207,0.769791666666665,0.994431436537787,"ALDEx2",0.649791076051207,0.223553586979044,FALSE,"Bacteria","Proteobacteria","Alphaproteobacteria","SAR11 clade","Clade I","Clade Ia",NA
"ASV436",0.581768987816344,0.312848680294582,1.28008450308088,0.943763549496206,0.47531176680197,1.86917947972925,0.0310272461563087,0.0495043192217557,0.188173522184937,0.0197916666666667,0.0477821918893307,"ALDEx2",0.188173522184937,1.86917947972925,TRUE,"Bacteria","Bacteroidota","Bacteroidia","Flavobacteriales","Flavobacteriaceae","NS5 marine group",NA
"ASV437",0.718409416640063,0.980236422215804,-0.675769734875545,-1.65085487461967,4.50911702668433,-0.670263784275309,0.187502608145345,0.474858204701293,1,0.352083333333333,0.975397715495277,"ALDEx2",1,-0.670263784275309,FALSE,"Bacteria","Proteobacteria","Alphaproteobacteria","Rhodobacterales","Rhodobacteraceae",NA,NA
"ASV451",-1.13582540271507,-1.56829133389285,1.66332812456039,3.25195894161762,1.07732166846521,3.17230103926958,0.000547999460257121,0.0459549680464702,0.188245135102177,0,0,"ALDEx2",0.188245135102177,3.17230103926958,TRUE,"Bacteria","Marinimicrobia (SAR406 clade)",NA,NA,NA,NA,NA
"ASV454",0.814172383348267,0.760107919084092,0.874036942732073,0.111723255119355,0.716366032074162,0.0339862129189489,0.414062950395739,0.402007749977427,0.865491134460494,0.559374999999999,0.787460369665601,"ALDEx2",0.865491134460494,0.0339862129189489,FALSE,"Bacteria","Proteobacteria","Alphaproteobacteria","SAR11 clade","Clade II",NA,NA
"ASV464",1.42951637737374,2.04828689402505,0.871262128189417,-1.06949249965966,0.597664541183903,-1.11435218587267,0.187502608145345,0.128267365789122,0.744640480559813,0.396875,0.953406122259489,"ALDEx2",0.744640480559813,-1.11435218587267,FALSE,"Bacteria","Actinobacteriota","Acidimicrobiia","Actinomarinales","Actinomarinaceae","Candidatus Actinomarina",NA
"ASV466",0.807031341510767,0.804684103922558,0.807576347943864,-0.002301344578715,0.758108140181751,-0.0060052621200709,0.496124050418246,0.786671795634553,0.984576491422175,0.768749999999999,0.953968132565291,"ALDEx2",0.984576491422175,-0.0060052621200709,FALSE,"Bacteria","Proteobacteria","Alphaproteobacteria","Rhodobacterales","Rhodobacteraceae",NA,NA
"ASV488",-4.75223629114367,0.565522699059775,-6.55299990115065,-5.05585182347682,7.84211465987561,-0.632107256283869,0.341086156513212,0.319404821109831,0.911322690084787,0.550520833333333,0.9687761106296,"ALDEx2",0.911322690084787,-0.632107256283869,FALSE,"Bacteria","Proteobacteria","Gammaproteobacteria","Enterobacterales","Colwelliaceae","Litorilituus",NA
"ASV494",1.2162224794248,1.25283043566178,1.18683139833328,-0.0161022533954309,0.655537544403328,-0.00724078737002929,0.488372151282746,0.430783366068864,0.905428934538368,0.740104166666666,0.907339221524626,"ALDEx2",0.905428934538368,-0.00724078737002929,FALSE,"Bacteria","Proteobacteria","Alphaproteobacteria","Rhodospirillales","AEGEAN-169 marine group",NA,NA
"ASV500",-0.0813617262106519,0.785910058744726,-2.17254832944188,-2.14117565879767,5.53137542911521,-0.419152831649582,0.232560015435696,0.582201564378072,1,0.425,0.999108762699565,"ALDEx2",1,-0.419152831649582,FALSE,"Bacteria","Proteobacteria","Gammaproteobacteria","Pseudomonadales","SAR86 clade",NA,NA
"ASV507",-4.71051324547424,-0.133355405080035,-6.28358329990387,-5.88469578728054,6.02325102662131,-0.784223931868488,0.234376882168507,0.316641677089307,0.904930417075683,0.543229166666666,0.971506705589653,"ALDEx2",0.904930417075683,-0.784223931868488,FALSE,"Bacteria","Proteobacteria","Alphaproteobacteria","SAR11 clade","Clade I","Clade Ia",NA
"ASV549",-4.65741556348565,-0.559314989796152,-6.29484007864044,-5.40116125363055,6.18577382616991,-0.687672605955284,0.271319277489628,0.314475598873236,0.91056751642982,0.516145833333333,0.963428421361083,"ALDEx2",0.91056751642982,-0.687672605955284,FALSE,"Bacteria","Proteobacteria","Gammaproteobacteria","Pseudomonadales","SAR86 clade",NA,NA
"ASV551",-1.82374857305618,-5.2221809715866,2.52949564224401,7.97581673140121,3.62495004764091,2.22504346020197,0.000547999460257121,0.0282143753685998,0.141078084459287,0,0,"ALDEx2",0.141078084459287,2.22504346020197,TRUE,"Bacteria","Bacteroidota","Bacteroidia","Flavobacteriales","Flavobacteriaceae","NS5 marine group",NA
"ASV563",0.318036993799684,-0.109550532027479,1.18383119397015,1.31171346481779,0.632022036181175,2.04470035837266,0.000547999460257121,0.0365138483636961,0.157473403583335,0.0104166666666667,0.027091440681878,"ALDEx2",0.157473403583335,2.04470035837266,TRUE,"Bacteria","Bacteroidota","Bacteroidia","Flavobacteriales","Cryomorphaceae",NA,NA
"ASV581",-0.327810230747074,-0.729804547273315,1.72121485085905,2.44191417392419,1.11066652364046,2.54996712543096,0.000547999460257121,0.0947116160941854,0.315144286721312,0,0,"ALDEx2",0.315144286721312,2.54996712543096,FALSE,"Bacteria","Marinimicrobia (SAR406 clade)",NA,NA,NA,NA,NA
"ASV584",1.3781823766162,1.3413704690322,1.4293822204712,0.0964268595196476,0.486135786283747,0.212978535917663,0.403101279361307,0.640136181882032,0.879578075818489,0.612499999999999,0.823348687062824,"ALDEx2",0.879578075818489,0.212978535917663,FALSE,"Bacteria","Proteobacteria","Alphaproteobacteria","SAR11 clade","Clade I","Clade Ib",NA
"ASV591",0.521783186628078,0.934606954919,-6.69374427946437,-7.43972081879989,2.5636391181125,-3.26224070843543,0.000547999460257121,0.104281352847236,0.622023760677581,0.133333333333333,0.797350416457916,"ALDEx2",0.622023760677581,-3.26224070843543,FALSE,"Bacteria","Proteobacteria","Alphaproteobacteria","SAR11 clade","Clade I","Clade Ib",NA
"ASV609",0.397851821821048,1.51427673160228,-0.858607292556717,-2.37923463990113,1.47427811883919,-0.607582896724253,0.226564484085857,0.677842895548191,0.998171437086968,0.531249999999999,1,"ALDEx2",0.998171437086968,-0.607582896724253,FALSE,"Bacteria","Proteobacteria","Alphaproteobacteria","Puniceispirillales","SAR116 clade",NA,NA
"ASV617",-2.30414588132645,0.531357128527765,-6.55671884292776,-6.68897657970054,5.02803193875845,-1.21625584257445,0.10156805104198,0.167346822695556,0.738525074166196,0.304166666666667,0.916940190144455,"ALDEx2",0.738525074166196,-1.21625584257445,FALSE,"Bacteria","Proteobacteria","Alphaproteobacteria","SAR11 clade","Clade II",NA,NA
"ASV623",0.0237160928756959,-0.415609965430251,0.978868640989533,1.44350548321682,0.698424324277473,1.78447765572818,0.0155432426385351,0.0452264484531238,0.185142542416981,0.00416666666666667,0.011193648376747,"ALDEx2",0.185142542416981,1.78447765572818,TRUE,"Bacteria","Proteobacteria","Alphaproteobacteria","SAR11 clade","Clade III",NA,NA
"ASV625",-2.90057032513078,-5.19729089571718,1.93410949638475,7.27698215113532,2.83722131960802,2.50249848407733,0.000547999460257121,0.01941850457711,0.111675131114787,0,0,"ALDEx2",0.111675131114787,2.50249848407733,TRUE,"Archaea","Thermoplasmatota","Thermoplasmata","Marine Group III",NA,NA,NA
"ASV637",1.10391724146575,0.787921578213921,1.51082133175538,0.709085461345751,0.555736120201672,1.1943750363619,0.0697757370552277,0.12109756451047,0.354067216255099,0.0874999999999999,0.188525230616639,"ALDEx2",0.354067216255099,1.1943750363619,FALSE,"Bacteria","Proteobacteria","Alphaproteobacteria","SAR11 clade","Clade IV",NA,NA
"ASV658",0.994621940468435,0.804537469814492,1.2268398793457,0.485253589577418,0.729520689188523,0.679018416488561,0.248063706377386,0.341533163000311,0.679337004684663,0.3265625,0.578595028679566,"ALDEx2",0.679337004684663,0.679018416488561,FALSE,"Bacteria","Bacteroidota","Bacteroidia","Flavobacteriales","NS7 marine group",NA,NA
"ASV726",0.905114657770214,0.972713535158254,0.799423332911745,-0.212650700094696,0.575343210433234,-0.366788373191738,0.325582389769386,0.588757127543329,0.966039206854624,0.682291666666666,0.946574107801864,"ALDEx2",0.966039206854624,-0.366788373191738,FALSE,"Bacteria","Proteobacteria","Alphaproteobacteria","SAR11 clade","Clade II",NA,NA
"ASV738",-4.80674087319542,-6.31514359065574,2.26038386201423,8.6995381968815,2.6512664949667,3.57670818456765,0.000547999460257121,0.00846926785113214,0.0702982333603602,0,0,"ALDEx2",0.0702982333603602,3.57670818456765,TRUE,"Bacteria","Bacteroidota","Bacteroidia","Cytophagales","Cyclobacteriaceae","Marinoscillum",NA
"ASV742",0.738359270361642,1.08713257368215,-6.82880038113416,-7.8491027954896,2.64957467877065,-2.95199539180975,0.000547999460257121,0.111057772697521,0.636304480953566,0.133333333333333,0.797350416457916,"ALDEx2",0.636304480953566,-2.95199539180975,FALSE,"Bacteria","Bacteroidota","Bacteroidia","Flavobacteriales","Flavobacteriaceae","NS4 marine group",NA
"ASV773",-4.86937319168188,-6.33554525377338,2.28106297838602,8.5220818328686,2.31549851265193,3.89755196459653,0.000547999460257121,0.0105363291243603,0.0747549051509417,0,0,"ALDEx2",0.0747549051509417,3.89755196459653,TRUE,"Archaea","Thermoplasmatota","Thermoplasmata","Marine Group II",NA,NA,NA
"ASV778",-4.92778311236526,-6.57033255990842,1.96301819302216,8.6712233310081,2.5658317983684,3.4049994001863,0.000547999460257121,0.0117939445821873,0.0822552476305629,0,0,"ALDEx2",0.0822552476305629,3.4049994001863,TRUE,"Archaea","Thermoplasmatota","Thermoplasmata","Marine Group II",NA,NA,NA
"ASV782",-4.78069035842491,-0.354353413931439,-6.52731493608082,-6.89927907134318,6.98826347065149,-0.819234714418334,0.224808178412025,0.297208522187385,0.901111014690199,0.538541666666666,0.952721522683809,"ALDEx2",0.901111014690199,-0.819234714418334,FALSE,"Bacteria","Proteobacteria","Gammaproteobacteria","Pseudomonadales","Saccharospirillaceae",NA,NA
"ASV807",0.305323519184391,0.70229221112062,-2.54534707062349,-3.23847306275603,3.5174828648156,-1.29217477024179,0.00782930484115282,0.334415622767144,0.988743174109834,0.134375,0.798266364733778,"ALDEx2",0.988743174109834,-1.29217477024179,FALSE,"Bacteria","Proteobacteria","Alphaproteobacteria","SAR11 clade","Clade II",NA,NA
"ASV854",-4.87553748560724,-6.3998726978561,1.66720541857844,8.27778963419104,2.92563724188865,2.72078099253432,0.000547999460257121,0.0101394897283201,0.0774211874810056,0,0,"ALDEx2",0.0774211874810056,2.72078099253432,TRUE,"Archaea","Thermoplasmatota","Thermoplasmata","Marine Group II",NA,NA,NA
"ASV904",-3.5561267765948,-5.21157094296224,2.24006717440244,7.29717550902701,2.58133801297376,2.81257638150114,0.000547999460257121,0.0137733579030418,0.0890769475691525,0,0,"ALDEx2",0.0890769475691525,2.81257638150114,TRUE,"Archaea","Thermoplasmatota","Thermoplasmata","Marine Group II",NA,NA,NA
"ASV916",-4.58825033667972,-0.542629548166392,-6.44634874990318,-5.90855758477096,6.61085840814245,-0.790441449288278,0.226564484085857,0.306642459812727,0.914652179187855,0.508854166666666,0.963829530874566,"ALDEx2",0.914652179187855,-0.790441449288278,FALSE,"Bacteria","Proteobacteria","Gammaproteobacteria","Pseudomonadales","Saccharospirillaceae",NA,NA
"ASV954",-5.02108682354275,-0.191538758728444,-6.38797824307573,-5.85299974708971,6.87303547971609,-0.725964653411516,0.271319277489628,0.335711342233517,0.92537850676002,0.5796875,0.970131642111899,"ALDEx2",0.92537850676002,-0.725964653411516,FALSE,"Bacteria","Proteobacteria","Gammaproteobacteria","Pseudomonadales","Halieaceae","OM60(NOR5) clade",NA
"ASV971",-0.393078187357779,-0.341025881344059,-1.00673110443478,-0.478671780198398,7.46213582300396,-0.0547017837670115,0.410853174248917,0.898106933929458,1,0.857812499999999,0.999879807692308,"ALDEx2",1,-0.0547017837670115,FALSE,"Bacteria","Proteobacteria","Alphaproteobacteria","SAR11 clade","Clade I","Clade Ia",NA
"ASV998",-0.774318359827371,-0.515881324350804,-0.982817563815521,-0.70823286040256,7.40478198311149,-0.0871361976134135,0.382813130675644,0.892063662668257,0.999316765792919,0.804166666666666,1,"ALDEx2",0.999316765792919,-0.0871361976134135,FALSE,"Bacteria","Proteobacteria","Alphaproteobacteria","SAR11 clade","Clade II",NA,NA
"ASV1013",-0.0416607922297816,2.41577840564817,-6.73234305260524,-8.12348679144935,4.402071983754,-1.34407286421626,0.14844103615476,0.158053080043985,0.747900193899261,0.329166666666667,0.934110364971608,"ALDEx2",0.747900193899261,-1.34407286421626,FALSE,"Bacteria","Cyanobacteria","Cyanobacteriia","Synechococcales","Cyanobiaceae","Synechococcus CC9902",NA
"ASV1032",-4.79951722814494,-6.45121714327997,1.82045689165796,8.30268400410424,2.63259327004238,3.30915846252598,0.000547999460257121,0.0108740106329155,0.0759966467017407,0,0,"ALDEx2",0.0759966467017407,3.30915846252598,TRUE,"Bacteria","Bacteroidota","Bacteroidia","Cytophagales","Cyclobacteriaceae","Marinoscillum",NA
"ASV1071",0.233330298335303,-0.167435841395659,0.335192953564207,0.539856161721564,1.90697403255779,0.172806927341225,0.395349385268813,0.424602509105625,0.88026089561172,0.581770833333332,0.897821844993851,"ALDEx2",0.88026089561172,0.172806927341225,FALSE,"Bacteria","Proteobacteria","Gammaproteobacteria","Pseudomonadales","Porticoccaceae","SAR92 clade",NA
"ASV1165",-4.76422251514828,-0.73890121582518,-6.03937687034225,-3.64883900217818,6.58913574499822,-0.400298144518254,0.328125991312833,0.363969741634669,0.925349030903991,0.580729166666666,0.965156674052784,"ALDEx2",0.925349030903991,-0.400298144518254,FALSE,"Bacteria","Proteobacteria","Gammaproteobacteria","Pseudomonadales","Saccharospirillaceae",NA,NA
"ASV1245",0.120250830430627,0.630362727096336,-6.23299042948528,-7.1293631039522,2.72647807218006,-2.77622656367702,0.000547999460257121,0.100857565899756,0.610390977862393,0.133333333333333,0.797350416457916,"ALDEx2",0.610390977862393,-2.77622656367702,FALSE,"Bacteria","Proteobacteria","Alphaproteobacteria","Parvibaculales","OCS116 clade",NA,NA
"ASV1287",-0.30372977330695,1.64266573475755,-6.39744132700926,-6.97110511535982,5.53570103080454,-1.27333326602563,0.139538641846235,0.181496125736159,0.793437910929098,0.344791666666667,0.944874878455524,"ALDEx2",0.793437910929098,-1.27333326602563,FALSE,"Bacteria","Cyanobacteria","Cyanobacteriia","Synechococcales","Cyanobiaceae","Prochlorococcus MIT9313",NA
"ASV1288",-4.78894831625889,-0.665135363895467,-6.21203453276815,-6.2511688831104,6.19970866523845,-0.701287096802986,0.232560015435696,0.316925423564925,0.896239593948593,0.547916666666666,0.966202086526527,"ALDEx2",0.896239593948593,-0.701287096802986,FALSE,"Bacteria","Proteobacteria","Gammaproteobacteria","Pseudomonadales","Saccharospirillaceae","Oceaniserpentilla",NA
"ASV1369",-0.735517466768476,1.67239288009156,-6.33307061052008,-7.16466326019293,5.23253969783062,-1.25269215355171,0.0930292930848227,0.148566454355174,0.739254758344728,0.294791666666667,0.921083541501603,"ALDEx2",0.739254758344728,-1.25269215355171,FALSE,"Bacteria","Cyanobacteria","Cyanobacteriia","Synechococcales","Cyanobiaceae","Synechococcus CC9902",NA
"ASV2965",-0.465921555356188,0.974598410662443,-6.27461861519261,-6.59076268923746,4.47002214807156,-1.3751679192089,0.116283743887406,0.156198238459871,0.748392606479555,0.304166666666667,0.921462880547911,"ALDEx2",0.748392606479555,-1.3751679192089,FALSE,"Bacteria","Proteobacteria","Alphaproteobacteria","Puniceispirillales","SAR116 clade","Candidatus Puniceispirillum",NA
